DM,有报价,其他联系方式,登记OS,名称,主页链接,粉丝数,报价,TG,邮箱,个人网页,建联备注,需要跟进,跟进备注,Fiona 建联,,LH邀请,,,,,,,
1,1,1,0,@IslamRashi2000,https://x.com/IslamRashi2000,"8,903","Thread post : $150 , only post - $100 , Qoute post $50 .",@IslamRashi200,rakibrashidulislam08@gmail.com,"
","
","
","
",,,,,,,,,,
0,0,1,0,@_The_Prophet__,https://x.com/_The_Prophet__,"147,658",,,inquiries@sightbringer.io,https://sightbringer.substack.com/,"
",0,,0,,0,,,,,,,
1,1,1,0,@Fran_actua,https://x.com/Fran_actua,"165,297","-Sponsored thread 300$
-Single post 200$
-Quote RT 80$",@FJ10top,Fjgrnetworking@protonmail.com,http://www.reinoia.com,"
",0,,0,,0,,,,,,,
1,1,1,0,@nrqa__,https://x.com/nrqa__,"77,382",- Thread: $650; - Single post: $400- Quote tweet: $250,@evon39,hey@nellyrq.io,"
","
","
","
",,,,,,,,,,
1,0,1,0,@Rigelcrypt,https://x.com/Rigelcrypt,"110,400",,,rigelcrypt@gmail.com,,,0,,0,,0,,,,,,,
1,1,1,0,@darshal_,https://x.com/darshal_,"75,560",X Sponsored Post: $500• X Thread: $700• X Quote Post: $200• LinkedIn Dedicated Post: $800,@DarshalJaitwar,darshaljaitwar8@gmail.com,https://techsparksai.beehiiv.com/subscribe,"
","
","
",0,,0,,,,,,,
1,1,1,0,@AIStackLabX,https://x.com/AIStackLabX,"71,275",Dedicated post: $197Quote: $98,t.me/AIStackLab4,stacklabai@gmail.com,"
","
","
","
",,,,,,,,,,
0,1,0,0,@IATiago,https://x.com/IATiago,"6,854",Quote reposts: $50–150Sponsored tweets: $200–400Threads: $250–700,,,,"
Neura Agency",0,,0,,0,,,,,,,
0,1,0,0,@AbretuPotencial,https://x.com/AbretuPotencial,"61,000",Quote reposts: $50–150Sponsored tweets: $200–400Threads: $250–700,,,,"
Neura Agency",0,,0,,0,,,,,,,
0,1,0,0,@Handllex,https://x.com/Handllex,"202,400",Quote reposts: $50–150Sponsored tweets: $200–400Threads: $250–700,,,,"
Neura Agency",0,,0,,0,,,,,,,
0,1,0,0,@Lacoste0x_,https://x.com/lacoste0x_,"420,200",Quote reposts: $50–150Sponsored tweets: $200–400Threads: $250–700,,,,"
Neura Agency",0,,0,,0,,,,,,,
0,1,0,0,@TheAva_AI,https://x.com/theava_ai,"11,300",Quote reposts: $50–150Sponsored tweets: $200–400Threads: $250–700,,,,"
Neura Agency",0,,0,,0,,,,,,,
0,1,0,0,@OtakuMachine,https://x.com/otakumachine,"8,281",Quote reposts: $50–150Sponsored tweets: $200–400Threads: $250–700,,,,"
Neura Agency",0,,0,,0,,,,,,,
0,1,0,0,@EmmaUsesAi,https://x.com/emmausesai,"11,400",Quote reposts: $50–150Sponsored tweets: $200–400Threads: $250–700,,,,"
Neura Agency",0,,0,,0,,,,,,,
0,1,0,0,@TheoBuildsAI,https://x.com/theobuildsai,"18,500",Quote reposts: $50–150Sponsored tweets: $200–400Threads: $250–700,,,,"
Neura Agency",0,,0,,0,,,,,,,
0,1,0,0,@xetgepete,https://x.com/xetgepete,"82,300",Quote reposts: $50–150Sponsored tweets: $200–400Threads: $250–700,,,,"
Neura Agency",0,,0,,0,,,,,,,
0,1,0,0,@EnzoSanchezIA,https://x.com/enzosanchezia,"57,700",Quote reposts: $50–150Sponsored tweets: $200–400Threads: $250–700,,,,"
Neura Agency",0,,0,,0,,,,,,,
0,1,0,0,@ethancole_ai,https://x.com/ethancole_ai,"128,800",Quote reposts: $50–150Sponsored tweets: $200–400Threads: $250–700,,,,"
Neura Agency",0,,0,,0,,,,,,,
0,1,0,0,@SynapseOpsAI,https://x.com/synapseopsai,"16,600",Quote reposts: $50–150Sponsored tweets: $200–400Threads: $250–700,,,,"
Neura Agency",0,,0,,0,,,,,,,
0,1,0,0,@NeuraFlowAix,https://x.com/neuraflowaix,"99,800",Quote reposts: $50–150Sponsored tweets: $200–400Threads: $250–700,,,,"
Neura Agency",0,,0,,0,,,,,,,
0,1,0,0,@alexaiworks,https://x.com/alexaiworks,"39,700",Quote reposts: $50–150Sponsored tweets: $200–400Threads: $250–700,,,,"
Neura Agency",0,,0,,0,,,,,,,
0,1,0,0,@OliviaReedai,https://x.com/oliviareedai,"74,900",Quote reposts: $50–150Sponsored tweets: $200–400Threads: $250–700,,,,"
Neura Agency",0,,0,,0,,,,,,,
0,1,0,0,@PabloEvans0,https://x.com/pabloevans0,"133,600",Quote reposts: $50–150Sponsored tweets: $200–400Threads: $250–700,,,,"
Neura Agency",0,,0,,0,,,,,,,
0,1,0,0,"@BlaylockGold
",https://x.com/BlaylockGold,"20,600",Quote reposts: $50–150Sponsored tweets: $200–400Threads: $250–700,,,,"
Neura Agency",0,,0,,0,,,,,,,
0,1,0,0,@LucasMestreIA,https://x.com/LucasMestreIA,"101,800",Quote reposts: $50–150Sponsored tweets: $200–400Threads: $250–700,,,,"
Neura Agency",0,,0,,0,,,,,,,
1,1,1,0,@AIHighlight,https://x.com/AIHighlight,"623,015","Dedicated thread: £1,499Single post: £999Quote repost: £597",,hello@aihighlight.io,"
","
","
","
",0,,0,,,,,,,
1,1,1,0,@heyalexmoore,https://x.com/heyalexmoore,"162,838",Tweeet: 250; thread: 350,,promotions@alexxm.com,"1. https://x.com/heyalexmoore
2. https://www.youtube.com/@heyalexmoore
3. https://www.instagram.com/alexmoore.ai/","
http://bilipassionfroot.me/alex-moore","
","
",0,,0,,,,,,,
0,0,0,0,,,,,,,,,0,,0,,0,,,,,,,
1,1,1,0,@Ubermenscchh,https://x.com/Ubermenscchh,"50,874",- Thread: 800$; - Single Post: 600$,,hassanfasih98@gmail.com,http://futuregenai.beehiiv.com, https://claryomedia.com/,"
","
",0,,0,,,,,,,
1,1,1,0,@yourtechgirl24,https://x.com/yourtechgirl24,"44,421",300,,dreamsbig775@gmail.com,http://www.youtube.com/@yourtechgirl24,"
",0,,0,,0,,,,,,,
1,1,1,0,@sanchoyai,https://x.com/sanchoyai,"42,534",Single Tweet: 200; Thread: 350,,sanchoyhossain96@gmail.com,https://www.passionfroot.me/sanchoy-hossain,"
","
","
",,,,,,,,,,
1,1,1,0,@HeyZoyaKhan,https://x.com/HeyZoyaKhan,"55,966","Quote repost: $200
Quote repost + thread: $650
Single post on X + Threads: $500
Single Instagram post: $500
Single LinkedIn post: Complimentary (included with collaborations when relevant)",,imzoya789@gmail.com,"
","
","
","
",0,,0,,,,,,,
1,1,1,0,@iamfakhrealam,https://x.com/iamfakhrealam,"36,626","Collaboration packages (all four platforms):• 1 post — $799• 2 posts — $999• 3 posts — $1,299Additional options:• Single 𝕏 post — $250• LinkedIn post — $150• 𝕏 Quote + RT — $70",,fakhrkhan1@gmail.com,https://linktr.ee/Imfakhr,"
","
","
",,,,,,,,,,
1,0,1,0,@AITechEchoes,https://x.com/AITechEchoes,"49,418",,,Erinabusiness94@gmail.com,"
","
","
","
",0,,0,,,,,,,
1,0,1,0,@raj89694,https://x.com/raj89694,"46,265",,,raj89694438@gmail.com,"
","
","
","
",0,,0,,,,,,,
1,0,1,0,@pumpkherm,https://x.com/pumpkherm,"38,431",,,theinnovationaii@gmail.com,"
","
","
","
",0,,0,,,,,,,
1,0,1,0,@ai_rohitt,https://x.com/ai_rohitt,"34,767",,,rohitnagod2@gmail.com,"
","
","
","
",0,,0,,,,,,,
1,1,1,0,@LiamEtherson,https://x.com/LiamEtherson,"34,455",$150 for thread tweet $100 for single tweet$75 for quote retweet,,ahsanbilal1068@gmail.com,http://t.me/Aiwithetherson,"
","
","
",0,,0,,,,,,,
1,0,1,0,@Piyushkumar420,https://x.com/Piyushkumar420,"31,972",,,piyushkumar4725@gmail.com,"
","
","
","
",0,,0,,,,,,,
1,1,1,0,@KanikaBK,https://x.com/KanikaBK,"33,869","- Single post $150, Thread - $200",,connectkanika17@gmail.com,https://passiveincomehabit.beehiiv.com/,"I  write comprehensive articles on Medium, run a newsletter and do promotions on Linkedin as well.","
","
",,,,,,,,,,
1,0,1,0,@thearslaniqbal,https://x.com/thearslaniqbal,"23,032",,,arslaniqbal55db@gmail.com,https://www.linkedin.com/in/thearslaniqbal,"
","
","
",0,,0,,,,,,,
0,0,1,0,@Trisha_Techie,https://x.com/Trisha_Techie,"22,937",,,arpitasarker468@gmail.com,"
","
","
","
",0,,0,,,,,,,
0,0,1,0,@harshitagu72595,https://x.com/harshitagu72595,"22,755",,,harshitagupta8461@gmail.com,https://www.linkedin.com/in/harshita-gupta-marketing,"
","
","
",0,,0,,,,,,,
0,0,1,0,@lax97981,https://x.com/lax97981,"22,596",,,lakshmiranibodana@gmail.com,"
","
","
","
",0,,0,,,,,,,
0,0,1,0,@viipin8,https://x.com/viipin8,"21,043",,,vipin.gautam13@gmail.com,https://bio.link/viipin,"
","
","
",0,,0,,,,,,,
0,0,1,0,@techxutkarsh,https://x.com/techxutkarsh,"20,010",,,us558741@gmail.com,"
","
","
","
",0,,0,,,,,,,
0,0,1,0,@AIFrontliner,https://x.com/AIFrontliner,"424,349",,,hello@aifrontliner.io,"
",2026-07-23 bd@mangolabs.org 初次邮件已发送；等待回复（命中原表，已更新原行）,0,,0,,0,,,,,,,
1,1,1,0,@AIwithArsalan,https://x.com/AIwithArsalan,"33,384",Sponsored X Post: $200X Thread: $300Quote Tweet: $100,@AIwithArsalan,am_khan87@hotmail.com,http://AIinsidersPro.com,"
","
","
",,,,,,,,,,
1,1,1,0,@NovaIAHQ,https://x.com/NovaIAHQ,"33,353",Quote reposts: $50–150Sponsored tweets: $200–400Threads: $250–700,@Dineromentalidad,neuraagency.partners@proton.me,"
","
Neura Agency",0,,0,,0,,,,,,,
1,1,1,0,@AIPandaX,https://x.com/AIPandaX,"32,547",Sponsored post on X: $350Dedicated thread: $500,@athrav87,aipanda018@gmail.com,"
","
","
","
",,,,,,,,,,
1,1,1,0,@thetripathi58,https://x.com/thetripathi58,"116,957","Dedicated sponsored post: $400
Dedicated thread: $550",,ba.chidanand@gmail.com,,Castle and Castle,0,,,,,,,,,,,
0,1,1,0,@codemindtanvir,https://x.com/codemindtanvir,"31,077",Dedicated X thread $200; single X post $150; quote post $50,@codemindtanvirr,codemindtanvir@gmail.com,"
",Positive reply 2026-07-23: Sponsored X threads; single posts; quote posts; product walkthroughs; tool reviews; educational content; launch campaigns; long-term partnerships; audience United States; international; English; preferred Email,1,Keep in partner pool; request media kit for a matching brief,,,,,,,,,,
1,1,1,0,@sabir_huss50540,https://x.com/sabir_huss50540,"28,947",• Single post: $300• Dedicated thread: $400• Quote post: $150• Repost: $80,,sabircreates4@gmail.com,https://www.passionfroot.me/sabir-hussain,"
","
","
",0,,0,,,,,,,
1,1,1,0,@ElizabethhQuinn,https://x.com/ElizabethhQuinn,"59,564",• Single post: $200• Quote/repost: $100• Thread: $400,,"
",http://passionfroot.me/elizabeth,Castle and Castle,0,,1,x dm,,,,,,,,
1,1,1,0,@hey_ankita,https://x.com/hey_ankita,"23,248",Single Sponsored Post: $150 USDDedicated Thread: $200 USDQuote Post: $50 USD,@nargis_mita,nargismita0@gmail.com,"
","
","
","
",,,,,,,,,,
1,0,1,0,@tec_aryan,https://x.com/tec_aryan,"45,700",,@AryanRakib101,aryanrakib101@gmail.com,,Castle and Castle,0,,1,,1,,,,,,,
1,1,1,0,@hey_abusiddik,https://x.com/hey_abusiddik,"16,324",• Dedicated Thread; $300 • Single Post — $200 • Repost & Quote — $100,,abusiddikantor2025@gmail.com,https://www.8020ai.co/subscribe,"
","
","
",,,,,,,,,,
1,1,1,0,@base10_,https://x.com/base10_,"160,691",Sponsored X Post: $180Dedicated X Thread: $400Quote Post (QRT): $150Retweet (RT): $80Commentary/Reply: $40,@Gerardoh687,basectai@gmail.com,"
","
","
","
",0,,0,,,,,,,
1,0,1,0,@ColawMide,https://x.com/ColawMide,"28,947",,,"
",,Castle and Castle,0,,,,,,,,,,,
1,0,1,0,@Ejaz_bashir1,https://x.com/Ejaz_bashir1,"23,087",,,ejaz.creates@gmail.com,,Castle and Castle,0,,,,,,,,,,,
1,1,1,0,@ahsannoor101,https://x.com/ahsannoor101,"22,580",> Single Tweet - $100> 1x Thread - $150> Quote Tweet - $50> LinkedIn (1x Dedicated Post) - $100,,"
",https://www.youtube.com/@mahsannoor,Castle and Castle,0,,,,,,,,,,,
1,1,0,0,@aftahi_ai,https://x.com/aftahi_ai,"19,475",Single 180; Thread 275Linkedin post: 280,,,https://www.passionfroot.me/aftahi-rahman,Castle and Castle,0,,,https://www.passionfroot.me/aftahi-rahman,,,,,,,,
1,0,1,0,@Liam_Carter03,https://x.com/Liam_Carter03,"14,449",,,"
",,Castle and Castle,0,,,,,,,,,,,
0,0,1,0,@Misogaalvin,https://x.com/Misogaalvin,"14,415",,,"
",,Castle and Castle,0,,,,,,,,,,,
1,1,1,0,@CopyRebeldia,https://x.com/CopyRebeldia,"154,048",$500 to $800,@AlexGm9,alejandro@copyrebeldia.com,"
","
","
","
",0,,0,,,,,,,
1,1,0,0,@sean_wallace_,https://x.com/sean_wallace_,,• Single post: $250• Quote/repost: $150• Thread: $500,,,,C & C,0,,1,x dm,,,,,,,,
1,1,1,0,@ahuja_priyank,https://x.com/ahuja_priyank,"129,880",500 per Thread; 300 per Post; 200 for Quote & RT;,,priyank.ahuja@gmail.com,https://topmate.io/priyank,700 per post on LinkedIn (705K Followers),"
","
",,,,,,,,,,
1,1,1,0,@_evon3929,https://x.com/_evon3929,"12,462",Quote posts- 80$; Single posts- 120$Threads post - 200$,,evon3929@gmail.com,"
","
","
","
",,,,,,,,,,
1,1,0,0,@KaiteeShiks,https://x.com/KaiteeShiks,,150 per tweet,,,http://passionfroot.me/kaitee,passionfroot https://www.passionfroot.me/kaitee,0,,,,,,,,,,,
1,1,1,0,@riyazmd774,https://x.com/riyazmd774,"112,832",Rates depend on post type 200-500,@Riyazraza,riyaz774ai@gmail.com,https://pushb.io/riyazmd,"
","
","
",,,,,,,,,,
1,0,1,0,@Saint_n0mad,https://x.com/Saint_n0mad,"2,236",,,"
",,,0,,,,,,,,,,,
1,1,1,0,@ginacostag_,https://x.com/ginacostag_,"
",X Thread - $200,,ginaxdmc@gmail.com,http://linkedin.com/in/ginacostag,,0,收到回复,1,,,,,,,,,
0,0,1,0,@lukas_m_ziegler,https://x.com/lukas_m_ziegler,"52,491",,,lukas.m.ziegler@proton.me,https://botnanza.com/,,0,,,,,,,,,,,
1,0,1,0,@mikekalilmfg,https://x.com/mikekalilmfg,"2,785",,,"
",https://mikekalil.com,,0,,,,,,,,,,,
1,1,1,0,@aiwithtariq,https://x.com/aiwithtariq,"
",Single X post: $30; Thread post: $60; Quote post: $20,,mrtariqai3@gmail.com,,,0,收到回复,1,,,,,,,,,
1,1,1,0,@aiwithsynthia,https://x.com/aiwithsynthia,"
",$50 / post,@SyniAI,skhan27044@gmail.com,,,0,收到回复,1,x dm,,,,,,,,
1,0,1,0,@IlirAliu_,https://x.com/IlirAliu_,"50,339",,,ilir.aliu@22astronauts.com,https://www.22astronauts.vc,,0,,,,,,,,,,,
1,1,1,0,@kawsar_ai,https://x.com/kawsar_ai,"
",$250 per single post,,mdkawsarhossain777@gmail.com,https://www.linkedin.com/in/mahabubhasankawsar/,,0,收到回复,1,,,,,,,,,
1,1,1,0,@ThatsEFM,https://x.com/ThatsEFM,"
",X Thread / Post - $297,,Edward@Enigmatica.co.uk,https://thecontext.beehiiv.com/,,0,收到回复,1,,,,,,,,,
1,0,1,0,@JibrilQanqadar,https://x.com/JibrilQanqadar,"101,591",,,"
",,,0,,,,,,,,,,,
1,1,1,0,@yabhishekhd,https://x.com/yabhishekhd,"
",1500,,yabhishekhdpress@gmail.com,,,0,收到回复,1,,,,,,,,,
1,0,1,0,@mhdfaran,https://x.com/mhdfaran,"78,495",,,hey@farhanai.com,,,0,,,,,,,,,,,
1,0,1,0,@koltregaskes,https://x.com/koltregaskes,"18,906",,,"
",https://kolt.at/links,,0,,,,,,,,,,,
1,1,1,0,@NinaAImarketing,https://x.com/NinaAImarketing,"
",200,,aiguru072@gmail.com,,,0,收到回复,1,,,,,,,,,
1,1,1,0,@kimmonismus,https://x.com/kimmonismus,"
","$1,950 per tweet",,kim@getsuperintel.com,https://linktr.ee/kimmonismus,,0,收到回复,1,,,,,,,,,
1,1,1,0,@rohanpaul_ai,https://x.com/rohanpaul_ai,"146,004","USD 1600 => You get - Dedicated long-form Tweet + + LinkedIn post + (37K followers)+ Coverage in my Newsletter (Daily email goes to 8K+ subscribers) + Retweet of your official annuncement tweet.+ Also Quote Tweet of your original official post after 5-6 hours (+like + commenting on original post)=> around 150-350 words depending on the resource you provide.👉 Under option A above, if you do not want Linkedin and Newsletter, it will be $100 less for each (i.e. $1400)B. 👉 ONLY Quote Tweet (i.e. quoting your original Tweet + Like + Comment) => USD 250 (around 20-50 words) - Only Retweet (+ Like + Comment) ) - $75C. 👉 ONLY Coverage in my Newsletter (8K+ subscribers) => rohan-paul[.]com => USD 500 (around 100-150 words)",@paul_data,,https://www.rohan-paul.com,,0,收到回复,1,tg,,,,,,,,
1,1,1,0,@BenGeskin,https://x.com/BenGeskin,"345,438",$1750 per post; $2000 per thread,@venya,,http://youtube.com/bengeskintech,,0,收到回复,1,tg,,,,,,,,
1,1,1,0,@BrianRoemmele,https://x.com/BrianRoemmele,"469,002",based on the posting. Form $500-3000,,Brian@Roemmele.AI,https://t.co/riCFzsOQbj,,0,收到回复,,,,,,,,,,
1,1,1,0,@hasantoxr,https://x.com/hasantoxr,"435,555",$400 per post; $700 per thread; $300 per repost/quote repost,,hasanpreetsinghtoor7@gmail.com,https://bio.link/hasantoxr,,0,收到回复,1,,1,,,,,,,
1,1,1,0,@tylerrwayne,https://x.com/tylerrwayne,"408,443","Single post: $700Thread: $1,000QRT/comment amplification: from $250",,"
tylerwayne678@gmail.com",,Castle and Castle,0,,1,,1,,,,,,,
1,1,1,0,@marcusyul,https://x.com/marcusyul,"358,300",Repost: 150$Quote: 200$Post: 500$Thread: 700$Article: 800$,,marcusyulx@gmail.com,,,0,,,,,,,,,,,
1,1,1,0,@FutureStacked,https://x.com/FutureStacked,"277,173",899 pounds,,hello@futurestacked.com,,,0,收到回复,1,x dm,,,,,,,,
1,1,1,0,@sufyanmaan,https://x.com/sufyanmaan,"26,910",$400; $700; $100,@sufyanmaan,,https://sufyanmaan.substack.com/,,0,收到回复,,,,,,,,,,
1,1,1,0,@shiri_shh,https://x.com/shiri_shh,"32,874",Single X post: $300,@shirish_ship,,https://RentMyHeader.com,,0,收到回复,,,,,,,,,,
1,1,1,0,@Suryanshti777,https://x.com/Suryanshti777,"30,465",$200 per single X post,@imsuryansh,,https://itsdailyai.beehiiv.com/,,0,收到回复,,,,,,,,,,
1,1,1,0,@FellMentKE,https://x.com/FellMentKE,"271,188",X Post – $500Thread – $800QRT/comment amplification – from $200,,"
felixkhakame@gmail.com ",https://t.co/OE8VqDmQIO,Castle and Castle,0,,1,,1,,,,,,,
1,1,1,0,@KylieHopkinsX,https://x.com/KylieHopkinsX,"254,544",• Sponsored post: $500 • Sponsored thread: $800 • Quote post: $150,,kyliehopkins39@gmail.com,https://www.passionfroot.me/KylieX,,0,收到回复,,,,,,,,,,
1,1,0,0,@LetsGrowithAI,https://x.com/LetsGrowithAI,"10,722",100$,,,,,0,收到回复,,,,,,,,,,
1,1,1,0,@dee_naliaks,https://x.com/dee_naliaks,"252,634","Single X post: $500, Quote repost: $200",,doreennaliaka2580@gmail.com,https://www.passionfroot.me/doreen,,0,收到回复,,,,,,,,,,
1,1,1,0,@SarahAnnabels,https://x.com/SarahAnnabels,"222,982",- X Post: $1000- X Thread: $1500- Quote Repost/Repost: $700,,sarahannabels@castleandcastle.com,https://www.passionfroot.me/sarah,,1,收到回复,1,,,,,,,,,
1,1,0,0,@allen_explains,https://x.com/allen_explains,"9,260",$70 Thread is: $150 and Quote is $50.,,,,,0,收到回复,1,x dm,,,,,,,,
1,1,1,0,@romanyam,https://x.com/romanyam,"158,496",1000美元/条,,roman.yampolskiy@louisville.edu,https://faculty.cse.louisville.edu/roman/,,0,收到回复,,,,,,,,,,
1,1,1,0,@NainsiDwiv50980,https://x.com/NainsiDwiv50980,"17,142",$150 for a single X post,@imsuryansh,,https://itsdailyai.beehiiv.com/,,0,收到回复,,,,,,,,,,
1,0,1,0,@0x_kaize,https://x.com/0x_kaize,"16,694",,@zefirium_sergo,,,,0,收到回复,之前联系过一直无回复，followup了,,,,,,,,,
1,1,1,0,@shedntcare_,https://x.com/shedntcare_,"156,000",Quote $70 / For Thread $250 / Single $150,,sonitulsi999@gmail.com,,,0,收到回复,,,,,,,,,,
1,0,0,0,@ashebytes,https://x.com/ashebytes,"10,670",,,,https://ashe.ai/frontier-tech-series,,0,,,,,,,,,,,
1,1,1,0,"@Aria_Nawi
",https://x.com/Aria_Nawi,"147,028",1. A qoute full engagement is $1002. A single post is $3503. A quality thread is $550,@_lexers,"
nawiaria22@gmail.com",,Castle and Castle,0,,1,,1,,,,,,,
1,1,1,0,@atulkumarzz,https://x.com/atulkumarzz,"143,747",Quote $70 / For Thread $250 / Single $150,@atulkumarx,atulhx@gmail.com,,矩阵号（运营下面十个账号）,1,收到回复,,tg ,,,,,,,,
1,0,0,0,@m1guelpf,https://x.com/m1guelpf,"33,298",,,,https://miguel.build,,0,,,,,,,,,,,
1,0,1,0,@birdabo,https://x.com/birdabo,"26,644",,@Birdabo404,,,,0,收到回复,,,,,,,,,,
1,0,0,0,@kukreja_abhinav,https://x.com/kukreja_abhinav,"13,223",,,,,,1,收到回复,待跟进报价和联系方式,,,,,,,,,
1,1,1,0,@Nas_tech_AI,https://x.com/Nas_tech_AI,"129,199","$300 for dedicated thread, $200 for single post and $100 for quote post",@Nas_tech_AI,contact.nastech.ai@gmail.com,,,1,收到回复,1,tg,,,,,,,,
1,1,1,0,@heynavtoor,https://x.com/heynavtoor,"126,452",500,@navsehajpreet,navtoorpro@gmail.com,https://linktr.ee/navtoor,,0,收到回复,1,,,,,,,,,
1,1,0,0,@rovvmut_,https://x.com/rovvmut_,"28,827",$100 per post,,,http://socialsight.ai,,0,收到回复,,,,,,,,,,
1,1,1,0,@eyishazyer,https://x.com/eyishazyer,"126,190","$1000; $2,000; $800; pricing, it depends on the project scope and deliverables, but my general rates are: • Dedicated X post/thread: starts at $1000",,eyishazyer@gmail.com,https://aiforeground.beehiiv.com,,0,收到回复,,,,,,,,,,
1,1,0,0,@Sheldon056,https://x.com/Sheldon056,"11,293",$70 for a single post,,,,,0,收到回复,,,,,,,,,,
1,1,1,0,@TukiFromKL,https://x.com/TukiFromKL,"117,302","Single X Post — $1,200; Quote Post (QRT) — $900",@tukifromkl,tukijoshua1@gmail.com,,,0,收到回复,,,,,,,,,,
1,1,0,0,@_vmlops,https://x.com/_vmlops,"17,129",$150-$250 / post,,,,,0,收到回复,1,x dm,,,,,,,,
1,1,1,0,@copyelpadrino,https://x.com/IATiago,"113,600",Quote reposts: $50–150Sponsored tweets: $200–400Threads: $250–700,,iaeldorado.am@gmail.com,,"
Neura Agency",0,,0,,0,,,,,,,
1,1,1,0,@benyuls,https://x.com/benyuls,"109,885",Repost: 150$Quote: 200$Post: 500$Thread: 700$Article: 800$,@tetesubi,benyulscontact@gmail.com,https://aiscwork.com,矩阵号，管理以下四个账号,1,,,,,,,,,,,
1,1,1,0,@saidul_dev,https://x.com/saidul_dev,"51,399",$300 for a thread on X; $50 for repost,@saidul_dev,,https://www.brainbuzz.tech/subscribe,,0,收到回复,1,tg,,,,,,,,
1,1,1,0,@alifcoder,https://x.com/alifcoder,"106,404",X post: $200; X thread: $350; Quote repost / repost: $100,@alifcoderr,hossainalif522@gmail.com,,Castle and Castle,0,,1,,1,,,,,,,
1,1,1,0,@Damn_coder,https://x.com/Damn_coder,"104,069",Sponsored post on X: $450Other formats:• Thread: $500• Single post: $300• Repost/ quote: $100,@RixhabhOG,dcoderhere@gmail.com,http://joinaiinsights.com/subscribe,,1,,,,,,,,,,,
1,1,1,0,@umesh_ai,https://x.com/umesh_ai,"45,917",$200 for a single post; $150 for a quote repost,@umeshrpf,,,,0,收到回复,1,tg,,,,,,,,
1,1,1,0,@I_amShiti,https://x.com/I_amShiti,"102,646",X post $100; thread $200; X repost $50,@kuria_85,ai.kuriachronicles@gmail.com,,Castle and Castle,0,,1,,1,,,,,,,
1,1,1,0,@iam_chonchol,https://x.com/iam_chonchol,"100,261",$300 per post,@iam_chonchol,iamchonchol94@gmail.com,,,0,收到回复,1,,1,,,,,,,
1,1,0,0,@saxxhii_,https://x.com/saxxhii_,"29,714",Quote = $30 / Thread $100 / Single $80,,,,,0,收到回复,,,,,,,,,,
1,1,0,0,@Alifkhanzxx,https://x.com/Alifkhanzxx,"31,600",Quote = $30 / Thread $100 / Single $80,,,,,0,收到回复,,,,,,,,,,
1,1,0,0,@Zoewangly,https://x.com/zoewangly,"40,600",Quote = $30 / Thread $100 / Single $80,,,,,0,收到回复,,,,,,,,,,
1,1,0,0,@Alphatechzx,https://x.com/Alphatechzx,"11,200",Quote = $30 / Thread $100 / Single $80,,,,,0,收到回复,,,,,,,,,,
1,1,0,0,"@elianatechx
",https://x.com/elianatechx,"9,180",Quote = $30 / Thread $100 / Single $80,,,,,0,收到回复,,,,,,,,,,
1,1,0,0,@andersyab,https://x.com/andersyab,"31,100",Quote = $30 / Thread $100 / Single $80,,,,,0,收到回复,,,,,,,,,,
1,1,0,0,@mariawilliamx,https://x.com/mariawilliamx,"24,000",Quote = $30 / Thread $100 / Single $80,,,,,0,收到回复,,,,,,,,,,
1,1,0,0,@Muskancode,https://x.com/Muskancode,"9,097",Quote = $30 / Thread $100 / Single $80,,,,,0,收到回复,,,,,,,,,,
1,1,0,0,@Alexandexrx,https://x.com/Alexandexrx,"9,466",Quote = $30 / Thread $100 / Single $80,,,,,0,收到回复,,,,,,,,,,
1,1,1,0,@DeRonin_,https://x.com/DeRonin_,"100,941","QT: $800, Tweet: $800 (with video optionally), Thread: $1,200, Article: $2,000",@MoneyHelper22,,,,0,收到回复,,,,,,,,,,
1,1,0,0,@dani_avila7,https://x.com/dani_avila7,"30,510","$700; $3000 USD per post depending on complexity (technical depth, research, code samples, length); 3000 USD per post depending on complexity (technical depth, research, code samples, length); rate ranges from $700 to $3000 USD per post depending on complexity (technical depth, research, code samples, length)",,,http://hedgineer.io,,0,收到回复,,,,,,,,,,
1,0,1,0,@ajitcodes,https://x.com/ajitcodes,"19,449",,,ajitcollabs@gmail.com,https://www.passionfroot.me/ajit-kumar,,0,,,,,,,,,,,
1,0,0,0,@IntuitMachine,https://x.com/IntuitMachine,"61,637",,,,https://t.co/fhXw0zk5MX,,0,,,,,,,,,,,
1,1,1,0,@VadimStrizheus,https://x.com/VadimStrizheus,"29,320",$400 per post,@VadimStr2,,http://VugolaAI.com,,0,收到回复,,,,,,,,,,
1,1,1,0,@TheTuringPost,https://x.com/TheTuringPost,"84,490","Single sponsored X post: $700
X thread: $1,200
Featured newsletter section: $2,000
Dedicated newsletter: $5,000",,ks@turingpost.com,https://www.turingpost.com/,,1,,,,,,,,,,,
1,0,0,0,@Ciri_ai,https://x.com/Ciri_ai,"3,892",,,,,,0,,,,,,,,,,,
1,1,1,0,@DivyanshT91162,https://x.com/DivyanshT91162,"5,621",X post: $40• Quote repost: $100• Thread: $150,@DivyanshT001,,,,0,收到回复,1,tg,,,,,,,,
1,1,1,0,@exploraX_,https://x.com/exploraX_,"22,815",$400 per post; $200 per qt,@moh200x,,https://substack.com/@explorax,,0,收到回复,1,tg,,,,,,,,
1,1,1,0,@aresotik,https://x.com/aresotik,"97,400",Repost: 150$Quote: 200$Post: 500$Thread: 700$Article: 800$,,aresotik1@gmail.com,,,0,,,,,,,,,,,
1,1,1,0,@zodchiii,https://x.com/zodchiii,"14,523",600$ article400$ tweet / thread350$ quote200$ repost200$ Telegram Post @zodchixquant,@darkzodchi,,https://t.me/zodchixquant,,1,收到回复,,tg,,,,,,,,
1,1,1,0,@manishkhosiya,https://x.com/manishkhosiya,"91,091",$60 for rt $100 for quote; $200 for single post $450 for a thread post,@Ydvmanish12,manishkhosiya@gmail.com,https://linktr.ee/manishkhosiya,,1,收到回复,1,tg,,,,,,,,
1,1,1,0,@karankendre,https://x.com/karankendre,"14,433","$250 Quote RT, $70 Like/RT/Comment, $300 Post Tweet, $350 Thread/Article",@karaan_dev,,,,0,收到回复,,,,,,,,,,
1,0,0,0,@Founder_Mode_,https://x.com/Founder_Mode_,"168,645",,,,,,0,,,,,,,,,,,
1,1,1,0,@rimtoln,https://x.com/rimtoln,"13,130",Thread $200 | Long tweet $100 | QT/Tweet $75 | Retweet $50,@alurymos,,http://farcaster.xyz/alurymos,,0,收到回复,,,,,,,,,,
1,0,0,0,@XNXX_EN,https://x.com/XNXX_EN,"153,201",,,,,,0,,,,,,,,,,,
1,0,0,0,@Dagnum_PI,https://x.com/Dagnum_PI,"32,636",,,,,,0,,,,,,,,,,,
1,0,0,0,@Lummox_eth,https://x.com/Lummox_eth,"3,569",,,,,,0,,,,,,,,,,,
1,0,0,0,@Nishant_Bliss,https://x.com/Nishant_Bliss,"36,584",,,,,,0,,,,,,,,,,,
1,1,1,0,@heyrobinai,https://x.com/heyrobinai,"85,780","1× Dedicated Thread: $750 2× Dedicated Threads: $1,300 3× Dedicated Threads: $1,850 1× Quote Repost: $200 1× Single Post: $200 1× Exclusive Profile Banner Placement (Twitter/X): $3,500 1× Primary Link Placement in Bio: $1,750 1× Dedicated Article: $2,450",,hey@robindelta.com,,,0,,,,,,,,,,,
1,0,1,0,@RobotCentral,https://x.com/RobotCentral,"7,675",,,"
",http://www.robotcentral.com,,0,,,,,,,,,,,
1,1,1,0,@techniahq,https://x.com/techniahq,"12,039",250 per post,,"
",https://paypal.me/techniahq/100USD,,0,收到回复,1,x dm,,,,,,,,
1,1,1,0,@Shruti_0810,https://x.com/Shruti_0810,"84,584",$150 — Single post,,tripathishruti810@gmail.com,https://ai-for-gods.beehiiv.com/,,0,收到回复,1,,,,,,,,,
1,0,1,0,@SciTechera,https://x.com/SciTechera,"16,429",,,"
",,,0,,,,,,,,,,,
0,0,1,0,@XRoboHub,https://x.com/XRoboHub,"16,672",,,xrobohub@gmail.com,https://www.youtube.com/@XRoboHub,,0,,,,,,,,,,,
1,0,1,0,@jasonhiner,https://x.com/jasonhiner,"26,341",,,jason@thedeepview.ai,http://subscribe.thedeepview.com,,0,,,,,,,,,,,
1,1,1,0,@SaniBulaAI,https://x.com/SaniBulaAI,"84,513",600,,sanibula@castleandcastle.com,,,0,收到回复,1,,,,,,,,,
1,1,0,0,@mronsase,https://x.com/mronsase,"
",150,,,,,0,收到回复,1,x dm,,,,,,,,
1,1,1,0,@HeyAmit_,https://x.com/HeyAmit_,"83,515",Single post: $150; Repost: $20,,ayscalex@gmail.com,https://cutt.ly/5tMvbQhQ,,0,收到回复,1,,1,,,,,,,
1,1,1,0,@Ambani_Wessley,https://x.com/Ambani_Wessley,"67,274",$200 per single X post,,ambaniwessley@gmail.com,http://buymeacoffee.com/ambaniwessley,,0,收到回复,1,,1,,,,,,,
1,1,1,0,@TechByMarkandey,https://x.com/TechByMarkandey,"65,453",500,@marky448,collabwithmarkandey@gmail.com,,,0,收到回复,,,,,,,,,,
1,1,1,0,@shushant_l,https://x.com/shushant_l,"63,319",X post: $50X thread: $100X quote repost: $30,@shushant_76,lakhyanis376@gmail.com,,,1,收到回复,1,,,,,,,,,
1,1,1,0,@HeyNayeem,https://x.com/HeyNayeem,"62,606",$200 for a single post,@iamnayeeem,iamnayeeem@gmail.com,,,0,收到回复,,,,,,,,,,
1,1,1,0,@thenaijacarguy,https://x.com/thenaijacarguy,"62,350",$200 per post こんにちは、ご連絡ありがとうございます メールアドレス:jamesozgabriel808@gmail; Rate: $200 per post こんにちは、ご連絡ありがとうございます メールアドレス:jamesozgabriel808@gmail,,jamesozgabriel808@gmail.com,https://www.datafrik.co/bootcamp/beginner-data-analytics/?source=main,,0,收到回复,,,,,,,,,,
1,1,1,0,@JaynitMakwana,https://x.com/JaynitMakwana,"57,941",$800 for 2 dedicated posts(1 on each account),@heyDhavall,jaynit@scale10x.io,http://waketheai.com/subscribe,和 @heyDhavall 是合作关系,1,,,,,,,,,,,
1,0,0,0,@nocta_mvp,https://x.com/nocta_mvp,"
",,,,,,0,,,,,,,,,,,
1,0,1,0,@emily_yu,https://x.com/emily_yu,"4,873",,,"
",http://emilyyu.io,,0,,,,,,,,,,,
1,0,1,0,@kylieyying,https://x.com/kylieyying,"6,343",,,"
",http://kylieying.com,,0,,,,,,,,,,,
1,0,1,0,@minchoi,https://x.com/minchoi,"369,699",,,"
",,,0,,,,,,,,,,,
1,0,1,0,@MachinePix,https://x.com/MachinePix,"207,201",,,"
",http://root.vc,,0,,,,,,,,,,,
1,0,1,0,@serdar_abali,https://x.com/serdar_abali,"2,688",,,"
",,,0,,,,,,,,,,,
1,0,1,0,@Lain_Ego0,https://x.com/Lain_Ego0,"2,342",,,"lain-ego@qq.com
email-lain--ego@qq.com",https://github.com/Lain-Ego0,,0,,,,,,,,,,,
1,0,0,0,@kate_osita_,https://x.com/kate_osita_,"189,612",,,,https://imagineartinc.pxf.io/nXaWq7,,0,,,,,,,,,,,
1,0,1,0,@ManusMeta,https://x.com/ManusMeta,"4,129",,,"
",http://manus-meta.com/careers,,0,,,,,,,,,,,
1,0,1,0,@HeyAbhishek,https://x.com/HeyAbhishek,"107,682",,,hey@AbhishekAI.com,,,0,,,,,,,,,,,
1,0,1,0,@neurosp1ke,https://x.com/neurosp1ke,"7,224",,,"
",,,0,,,,,,,,,,,
1,0,1,0,@wildmindai,https://x.com/wildmindai,"9,404",,@TokenDiff,"
",https://t.me/TokenDiff,,0,,,,,,,,,,,
1,0,1,0,@tom_doerr,https://x.com/tom_doerr,"201,024",,,"
",https://tom-doerr.github.io/repo_posts/,,0,,,,,,,,,,,
1,0,1,0,@miyuselene,https://x.com/miyuselene,"4,296",,,"
",,,0,,,,,,,,,,,
1,0,1,0,@bilawalsidhu,https://x.com/bilawalsidhu,"103,088",,,"
",https://bilawal.ai,,0,,,,,,,,,,,
1,1,1,0,@ai_for_success,https://x.com/ai_for_success,"80,483","A. Long Thread / Coding Agent Application - 1200 USD
B. If you already have the asset or video ready, I only need to write: 700 USD (most suitable)  
C. Single Post / Two post thread: 500 USD  
D. Quote post with text only: 250 USD. You must provide the original post in advance so I can write it properly.   + like + comment + bookmark
E. Retweet: 150 USD   + like + comment + bookmark",,aiforsuccess.in@gmail.com,https://ashutoshai.com,,0,,,,,,,,,,,
1,0,1,0,@AtomsNotBits,https://x.com/AtomsNotBits,"6,982",,,nolan@atomsnotbits.com,http://atomsnotbits.com,,0,,,,,,,,,,,
1,1,1,0,@Whizz_ai,https://x.com/Whizz_ai,"55,862",1000 per tweet,,hey.humza.ai@gmail.com,,https://www.passionfroot.me/hamza-khalid,1,收到回复,1,,,,,,,,,
1,0,1,0,@LinusEkenstam,https://x.com/LinusEkenstam,"233,180",,@linus,collab@linusekenstam.com,http://insidemyhead.ai,,0,,,,,,,,,,,
1,0,1,0,@lachygroom,https://x.com/lachygroom,"63,435",,,lachygroom@gmail.com,http://xn--1xa.com,,0,,,,,,,,,,,
1,0,1,0,@0xDevShah,https://x.com/0xDevShah,"10,493",,,"
",http://omnificence.xyz,,0,,,,,,,,,,,
1,0,1,0,@Scobleizer,https://x.com/Scobleizer,"576,266",,,partnerships@polymarket.com,https://alignednews.com/ai,,1,收到回复,,,,,,,,,,
1,0,1,0,@RueNahcMohr,https://x.com/RueNahcMohr,"15,269",,,"
",http://ruemohr.org,,0,,,,,,,,,,,
1,1,1,0,@TheAhmadOsman,https://x.com/TheAhmadOsman,"54,957","3 posts package for $5,000 and 6 posts package for $9,000",,inquiries@theahmadosman.com,https://www.ahmadosman.com/about,,0,收到回复,1,,,,,,,,,
1,1,1,0,@manishkumar_dev,https://x.com/manishkumar_dev,"54,442",• Single X Post: $150• Dedicated X Thread: $250• Quote Repost + Comment: $100• Repost: $50,,shahmanishkumar1@gmail.com,,Castle and Castle,0,,1,,1,,,,,,,
1,1,1,0,@Parul_Gautam7,https://x.com/Parul_Gautam7,"86,404","* Dedicated X Post: $300 
* Integrated Collaboration: Happy to discuss based on the campaign requirements.",,parul.gautam28feb@gmail.com,http://bit.ly/4lFK5pd,"
","
","
",,,,,,,,,,
1,1,1,0,@TheAIColony,https://x.com/TheAIColony,"224,373","Dedicated X thread: £899
Dedicated X post: £597
Quote repost: £499",,hello@theaicolony.com,https://www.theailibrary.co; www.theaicolony.com,"
","
","
",,,,,,,,,,
1,0,1,0,@AlfaizAliX,https://x.com/AlfaizAliX,"33,982",,,alfaizalix@gmail.com,"
","
","
","
",,,,,,,,,,
1,0,1,0,@heyDhavall,https://x.com/heyDhavall,"44,511",,,dhaval@scale10x.io,"
","
","
","
",,,,,,,,,,
1,1,1,0,@AIwithGhotai,https://x.com/AIwithGhotai,"51,237","Dedicated sponsored thread: $500
Single sponsored post with video: $300
Quote repost: $200",,ghotai60@gmail.com,"
","
","
","
",,,,,,,,,,
1,1,1,0,@heygurisingh,https://x.com/heygurisingh,"51,367",$350 for a dedicated post,@Gurinder_saroy,Gurinderjeet6133@gmail.com,,,0,收到回复,,,,,,,,,,
1,1,1,0,@Hasan_4300,https://x.com/Hasan_4300,"38,552",120,@kamran446,hasanrajpoot173@gmail.com,"
","
","
","
",,,,,,,,,,
1,0,1,0,@HeyToha,https://x.com/HeyToha,"37,777",,,devtoha1@gmail.com,"
","
","
","
",,,,,,,,,,
1,0,1,0,@ClubAiworld,https://x.com/ClubAiworld,"10,047",,,passioncoding7@gmail.com,"
","
","
","
",,,,,,,,,,
1,1,1,0,@Meer_AIIT,https://x.com/Meer_AIIT,"46,411",600,,meerait25@gmail.com,,,0,收到回复,,,,,,,,,,
1,0,1,0,@LearnWithSubhan,https://x.com/LearnWithSubhan,"48,689",,@iamsubhanqureshi,Subi2023@gmail.com,http://techhubai.beehiiv.com/subscribe,"
","
","
",,,,,,,,,,
1,1,1,0,@codewithimanshu,https://x.com/codewithimanshu,"44,464",- Dedicated thread: $400- Single brand post / listicle: $350- Articles/long form post: $600- Quote RT / RT: $250,@codewithimanshu@codewithimanshu_notes,abrojackhimanshu@gmail.com,https://linktr.ee/codewithimanshu.in,,0,,,,,,,,,,,
1,0,1,0,@aliscodes,https://x.com/aliscodes,"20,414",,,alisufiancodes@gmail.com,https://stackupai.beehiiv.com,"
","
","
",,,,,,,,,,
1,0,1,0,@ATechAjay,https://x.com/ATechAjay,"26,855",,,partnership.aj@gmail.com,https://www.youtube.com/@ATechAjay?sub_confirmation=1,"
","
","
",,,,,,,,,,
1,0,1,0,@The_DailyAi,https://x.com/The_DailyAi,"49,218",,,thedailyaiworld@gmail.com,https://the-dailyai.beehiiv.com/,"
","
","
",,,,,,,,,,
1,1,1,0,@expertwith_AI,https://x.com/expertwith_AI,"43,562",Single 250; Thread 400; Quote 200,,jamiakter745@gmail.com,,Castle and Castle,0,,1,,1,,,,,,,
1,0,1,0,@codedailyML,https://x.com/codedailyML,"23,045",,,neelshah13165@gmail.com,https://linktr.ee/neelshah7,"
","
","
",,,,,,,,,,
1,0,1,0,@sporsho_AI,https://x.com/sporsho_AI,"19,513",,,uddinmdborhan771@gmail.com,"
","
","
","
",,,,,,,,,,
1,0,0,0,"
@hey_mujeebahmed",https://x.com/hey_mujeebahmed,"37,565",,,,,,,,,,,,,,,,,
1,1,1,0,@Mapunda_01,https://x.com/Mapunda_01,"42,162",600,,partnerships@castleandcastle.com,,,0,收到回复,1,,,,,,,,,
1,1,1,0,@arsh_goyal,https://x.com/arsh_goyal,"40,700",600,,business.arshgoyal@gmail.com,https://www.youtube.com/c/arshgoyal,,0,收到回复,,,,,,,,,,
1,1,1,0,@Kanojiyaaakash1,https://x.com/Kanojiyaaakash1,"40,517",X Dedicated Thread: $600X Single Tweet : $300Quote Repost: $200Repost: $100LinkedIn Post : $800,,Kanojiyaaakash96@gmail.com,,,,,,,,,,,,,,
1,1,1,0,@EyeingAI,https://x.com/EyeingAI,"39,733",Single X posts are usually for $100,@EyeingAI,eyeingai@gmail.com,,,0,收到回复,,,,,,,,,,
1,1,1,0,@CyberRobooo,https://x.com/CyberRobooo,"36,913",$1600-$1800,,cyberobooo@gmail.com,,,0,收到回复,1,,,,,,,,,
1,1,1,0,@s_mohinii,https://x.com/s_mohinii,"36,471",$300 per thread; $150 quote repost comment,@s_mohii,n.mohinii25@gmail.com,,,0,收到回复,1,,,,,,,,,
1,1,1,0,@JoyJuliet_AI,https://x.com/JoyJuliet_AI,"35,056",600,,joyjuliet@castleandcastle.com,,,0,收到回复,,,,,,,,,,
1,1,1,0,@codeMdSanto,https://x.com/codeMdSanto,"34,076",Dedicated X Thread: $400• Single X Post: $200• Quote Tweet / Amplification: $100,@CodeMdsanto,"
santomd089@gmail.com",,Castle and Castle,0,,1,,,,,,,,,
1,1,1,0,@aaliya_va,https://x.com/aaliya_va,"30,356","$150 per post, $200 per thread; $80 per quote repost; $50 per repost",,infoaaliyashah@gmail.com,,,0,收到回复,1,,,,,,,,,
1,0,1,0,@BitRobotNetwork,https://x.com/BitRobotNetwork,"110,716",,,"
",https://linktr.ee/bitrobot,,0,,,,,,,,,,,
1,1,1,0,@RodmanAi,https://x.com/RodmanAi,"30,324",$500 / post,,promotions@rodman.ai,https://rodman.ai,,0,收到回复,,,,,,,,,,
1,1,0,0,@heyDhavall,x.com/heyDhavall,"44,500",$800 for 2 dedicated posts(1 on each account),,,,和@JaynitMakwana 是合作关系,1,,,,,,,,,,,
1,0,1,0,@sudoingX,https://x.com/sudoingX,"25,070",,,"
",,,0,,,,,,,,,,,
1,0,1,0,@Ascii211,https://x.com/Ascii211,"13,338",,,user@domain.com,http://DiscountMissiles.com,,0,,,,,,,,,,,
1,0,1,0,@VibeMarketer_,https://x.com/VibeMarketer_,"29,754",,,"
",https://linktr.ee/vibemarketer,,0,,,,,,,,,,,
1,0,1,0,@ClaraChengGo,https://x.com/ClaraChengGo,"5,684",,,"
",,,0,,,,,,,,,,,
1,0,1,0,@Flynnjamm,https://x.com/Flynnjamm,"50,547",,,"
",https://katch.fyi/,,0,,,,,,,,,,,
1,0,1,0,@KushalVijay_,https://x.com/KushalVijay_,"17,589",,,kushalvijay.business@gmail.com,https://www.youtube.com/@KushalVijay/,,0,,,,,,,,,,,
1,0,1,0,@cnxsoft,https://x.com/cnxsoft,"26,764",,@cnx_software,"
",http://www.cnx-software.com,,0,,,,,,,,,,,
1,0,1,0,@ArchieIntel,https://x.com/ArchieIntel,"365,331",,,"
",,,0,,,,,,,,,,,
1,0,1,0,@ReflctWillie,https://x.com/ReflctWillie,"6,192",,,"
",http://reflct.app,,0,,,,,,,,,,,
1,0,1,0,@cfryant,https://x.com/cfryant,"18,889",,,user@domain.com,https://www.chrisfryant.com/,,0,,,,,,,,,,,
1,0,1,0,@defileo,https://x.com/defileo,"46,307",,,"
",https://www.youtube.com/@LeoDeFiHub,,0,,,,,,,,,,,
1,0,1,0,@itsclivetime,https://x.com/itsclivetime,"14,284",,,"cc@clive.io
waldo@clive.io",http://clive.io,,0,,,,,,,,,,,
1,0,1,0,@melisizm0,https://x.com/melisizm0,"7,202",,,"
",,,0,,,,,,,,,,,
1,0,1,0,@skalskip92,https://x.com/skalskip92,"44,944",,,"
",https://github.com/SkalskiP,,0,,,,,,,,,,,
1,0,1,0,@HowToAI_,https://x.com/HowToAI_,"11,996",,,"
",,,0,,,,,,,,,,,
1,1,1,0,@GrowAIHub,https://x.com/GrowAIHub,"27,905",200$ for thread post70$ for Quote,@growaihub,growaihub@gmail.com,,,1,收到回复,1,tg,,,,,,,,
1,0,1,0,@RayFernando1337,https://x.com/RayFernando1337,"35,717",,,"
",https://startmy.ai,,0,,,,,,,,,,,
1,0,1,0,@mweinbach,https://x.com/mweinbach,"289,600",,,max@creativestrategies.com,http://creativestrategies.com,,0,,,,,,,,,,,
1,0,1,0,@AngryTomtweets,https://x.com/AngryTomtweets,"150,880",,,"
",https://t.co/hnncBqypzo,,0,,,,,,,,,,,
1,0,1,0,@mattzcarey,https://x.com/mattzcarey,"23,542",,,"
",http://mattzcarey.com,,0,,,,,,,,,,,
1,0,1,0,@designertom,https://x.com/designertom,"17,697",,,tommy@enjoyers.com,https://youtube.com/@designertom,,0,,,,,,,,,,,
1,0,1,0,@TheAmalaRoom,https://x.com/TheAmalaRoom,"10,037",,,"
",,,0,,,,,,,,,,,
1,0,1,0,@Saboo_Shubham_,https://x.com/Saboo_Shubham_,"113,776",,,"
",https://www.theunwindai.com,,0,,,,,,,,,,,
1,0,1,0,@kevin_zakka,https://x.com/kevin_zakka,"18,324",,,"
zakka@berkeley.edu",https://kzakka.com/,,0,,,,,,,,,,,
1,0,1,0,@mark_k,https://x.com/mark_k,"36,386",,,"
",,,0,,,,,,,,,,,
1,0,1,0,@techNmak,https://x.com/techNmak,"36,226",,,"
",,,0,,,,,,,,,,,
1,0,1,0,@aiedge_,https://x.com/aiedge_,"61,638",,,"
",https://hoo.be/aiedge,,0,,,,,,,,,,,
1,1,1,0,@iam_elias1,https://x.com/iam_elias1,"27,765",1. Per thread 350$2. Per single post 250$3. Per quote 150$,@iam_elias1,eliaskennedy368@gmail.com,,,1,收到回复,1,,,,,,,,,
1,1,1,0,@spaceandtech_,https://x.com/spaceandtech_,"20,903",$50 / post,,spaceandtech.contact@gmail.com,,,0,收到回复,1,x dm,,,,,,,,
1,1,1,0,@abxxai,https://x.com/abxxai,"17,477",$300 per thread; $150 quote repost/repost,@absxai,absxxai@gmail.com,,,0,收到回复,1,,1,,,,,,,
1,1,1,0,@tussiwe,https://x.com/tussiwe,"17,396",$500 per X post,,agafe@castleandcastle.com,,,0,收到回复,,,,,,,,,,
1,1,0,0,"@zentalksai
",https://x.com/zentalksai,"118,500",Repost: 150$Quote: 200$Post: 500$Thread: 700$Article: 800$,,,,,0,,,,,,,,,,,
0,1,0,0,@mattknowsai,https://x.com/mattknowsai,"2,150",Repost: 150$Quote: 200$Post: 500$Thread: 700$Article: 800$,,,,,0,,,,,,,,,,,
1,0,1,0,@heykahn,https://x.com/heykahn,"503,681",,,"
",https://www.superhuman.ai/subscribe,,0,,,,,,,,,,,
1,0,1,0,@TheRundownAI,https://x.com/TheRundownAI,"217,162",,,"
",https://www.rundown.ai/,,0,,,,,,,,,,,
1,0,1,0,@AGonchain,https://x.com/AGonchain,"21,508",,,"
",,,0,,,,,,,,,,,
1,0,1,0,@swstica,https://x.com/swstica,"64,531",,,"
",https://github.com/dimensionalOS/dimos/,,0,,,,,,,,,,,
1,0,1,0,@nearlydaniel,https://x.com/nearlydaniel,"16,836",,,"
",http://dch.xyz/,,0,,,,,,,,,,,
1,0,1,0,@IamEmily2050,https://x.com/IamEmily2050,"45,649",,,"
",https://iamemily2050.com/,,0,,,,,,,,,,,
1,0,1,0,@niccruzpatane,https://x.com/niccruzpatane,"100,863",,,"
",,,0,,,,,,,,,,,
1,0,1,0,@MatthewBerman,https://x.com/MatthewBerman,"116,664",,,astro@forwardfuture.ai,https://forwardfuture.ai,,0,,,,,,,,,,,
1,0,1,0,@LewisMenelaws,https://x.com/LewisMenelaws,"8,855",,,"
",https://bit.ly/Lewis_X,,0,,,,,,,,,,,
1,0,1,0,@gabrielchua,https://x.com/gabrielchua,"8,268",,@daily_ai_papers,"
",https://gabrielchua.me/,,0,,,,,,,,,,,
1,0,1,0,@0GiS0,https://x.com/0GiS0,"5,535",,,"
",https://0gis0.github.io,,0,,,,,,,,,,,
1,0,1,0,@Abhinavstwt,https://x.com/Abhinavstwt,"14,153",,,hi@abhi.at,https://abhi.at,,0,,,,,,,,,,,
1,0,1,0,@goyalshaliniuk,https://x.com/goyalshaliniuk,"9,864",,,goyalshalini@gmail.com,https://topmate.io/goyalshalini,,0,,,,,,,,,,,
1,0,1,0,@adithya_s_k,https://x.com/adithya_s_k,"12,274",,,adithyaskolavi@gmail.com,http://adithyask.com,,0,,,,,,,,,,,
1,0,1,0,@Adam_V3D,https://x.com/Adam_V3D,"4,347",,,info@vector3d.co.uk,http://YouTube.com/vector3dp,,0,,,,,,,,,,,
1,0,1,0,@covacut,https://x.com/covacut,"11,024",,,"
",https://colelee.art/,,0,,,,,,,,,,,
1,0,1,0,@geerlingguy,https://x.com/geerlingguy,"90,169",,,jeff@jeffgeerling.com,https://www.jeffgeerling.com/,,0,,,,,,,,,,,
1,0,1,0,@ivanleomk,https://x.com/ivanleomk,"8,489",,,"
",http://ivanleo.com,,0,,,,,,,,,,,
1,0,1,0,@oprydai,https://x.com/oprydai,"65,393",,,"
",https://www.beapolymath.app,,0,,,,,,,,,,,
1,1,1,0,@Faithmeta_x,https://x.com/Faithmeta_x,"16,804",- X post: $80- X thread: $150- Quote repost/repost: $50,@faithmeta2_x,faithezugo@gmail.com,,,1,收到回复,1,,,,,,,,,
1,0,1,0,@yesnoerror,https://x.com/yesnoerror,"27,717",,,your@email.com,http://yesnoerror.com,,0,,,,,,,,,,,
1,0,1,0,@luoluo,https://x.com/luoluo,"3,610",,,clll@mit.edu,http://luoluo.ai,,0,,,,,,,,,,,
1,0,1,0,@NielsRogge,https://x.com/NielsRogge,"19,578",,,niels.rogge1@gmail.com,http://nielsrogge.github.io,,0,,,,,,,,,,,
1,0,1,0,@0xdelula,https://x.com/0xdelula,"5,349",,,"
",,,0,,,,,,,,,,,
1,0,1,0,@Vtrivedy10,https://x.com/Vtrivedy10,"9,748",,,"
",http://vtrivedy.com,,0,,,,,,,,,,,
1,0,1,0,@sulfuroid,https://x.com/sulfuroid,"15,807",,,"
",https://www.amazon.fr/stores/Philippe-CADIC/author/B00N2SH9TW,,0,,,,,,,,,,,
1,0,1,0,@svpino,https://x.com/svpino,"449,395",,,"
",https://ml.school,,0,,,,,,,,,,,
1,0,1,0,@dankuntz,https://x.com/dankuntz,"18,528",,,daniel@kuntz.io,http://kuntz.io,,0,,,,,,,,,,,
1,0,1,0,@daniel_mac8,https://x.com/daniel_mac8,"22,389",,,"
",http://aceagent.io,,0,,,,,,,,,,,
1,0,1,0,@SebJohnsonUK,https://x.com/SebJohnsonUK,"9,477",,,"
",https://scalingeurope.co.uk/,,0,,,,,,,,,,,
1,0,1,0,@DynamicWebPaige,https://x.com/DynamicWebPaige,"74,104",,,"
",https://webpaige.dev,,0,,,,,,,,,,,
1,0,1,0,@ASpittel,https://x.com/ASpittel,"114,167",,,"
",https://alispit.tel,,0,,,,,,,,,,,
1,1,1,0,@oggii_0,https://x.com/oggii_0,"13,455",$100 per X post,@Oggii_0,tahzeeeb@proton.me,,,0,收到回复,,,,,,,,,,
1,0,1,0,@vishisinghal_,https://x.com/vishisinghal_,"3,175",,,singhalvishakha.career@gmail.com,https://linkedin.com/in/vishakha-singhal-18983b1bb,,0,,,,,,,,,,,
1,0,1,0,@arian_ghashghai,https://x.com/arian_ghashghai,"10,567",,,arian@earthling.vc,https://arian.vc,,0,,,,,,,,,,,
1,0,1,0,@olayoomomota,https://x.com/olayoomomota,"3,173",,,"
",,,0,,,,,,,,,,,
1,0,1,0,@WesRoth,https://x.com/WesRoth,"34,652",,,wesroth@smoothmedia.co,https://youtube.com/@wesroth,,1,,,,,,,,,,,
1,0,1,0,@reactive_dude,https://x.com/reactive_dude,"62,859",,,moa@getbeam.ai,http://getbeam.ai,,0,,,,,,,,,,,
1,0,1,0,@vllm_project,https://x.com/vllm_project,"35,974",,,feedback@communityinviter.com,http://slack.vllm.ai,,0,,,,,,,,,,,
1,0,1,0,@hellorob,https://x.com/hellorob,"4,869",,,"
",,,0,,,,,,,,,,,
1,0,1,0,@chrisalbon,https://x.com/chrisalbon,"91,115",,,"
",,,0,,,,,,,,,,,
1,1,1,0,@snskritinaruka,https://x.com/snskritinaruka,"12,287",$600 per X post,@snskritinaruka,sanskritin21@gmail.com,,,0,收到回复,,,,,,,,,,
1,0,1,0,@jbcollins01,https://x.com/jbcollins01,"5,195",,@JBC0L,jbcollins@cc.cc,http://jbcollins.cc.cc,,0,,,,,,,,,,,
1,0,1,0,@shauseth,https://x.com/shauseth,"23,392",,,"
",https://www.dominion-dynamics.com/,,0,,,,,,,,,,,
1,0,1,0,@amypretzel,https://x.com/amypretzel,"9,384",,,amzyst@gmail.com,http://www.amypretzel.com,,0,,,,,,,,,,,
1,1,0,0,@kritarthmittal,https://x.com/kritarthmittal,"23,819",$400 for a QT and $1000 for a standalone long post/thread,,,,,0,收到回复,,,,,,,,,,
1,0,1,0,@premtechAI,https://x.com/premtechAI,"13,330",,,premzayn7@gmail.com,https://www.linkedin.com/in/prem-kumar-9b4682236,,0,,,,,,,,,,,
1,0,1,0,@multiplifi,https://x.com/multiplifi,"95,324",,,name@email.com,http://multipli.fi,,0,,,,,,,,,,,
1,0,1,0,@Awakenjp,https://x.com/Awakenjp,"131,069",,,"
",,,0,,,,,,,,,,,
1,0,1,0,@Ali_TongyiLab,https://x.com/Ali_TongyiLab,"22,781",,,"
",https://t.co/BtsFsAUsvT,,0,,,,,,,,,,,
1,0,1,0,@googleaidevs,https://x.com/googleaidevs,"109,687",,,"
",http://ai.google.dev,,0,,,,,,,,,,,
1,0,1,0,@mdancho84,https://x.com/mdancho84,"99,500",,,"
",https://learn.business-science.io/ai-register,,0,,,,,,,,,,,
1,0,1,0,@jakubkrehel,https://x.com/jakubkrehel,"14,560",,,"jakub@kbo.sk
your@email.com",http://interfaces.dev,,0,,,,,,,,,,,
1,0,1,0,@mikefutia,https://x.com/mikefutia,"70,327",,,"
",https://go.mikefutia.com/scale-ai-x,,0,,,,,,,,,,,
1,0,1,0,@natolambert,https://x.com/natolambert,"83,581",,,"olmo@allenai.org
tulu@allenai.org
mail@interconnects.ai",https://natolambert.com/,,0,,,,,,,,,,,
1,0,1,0,@little_HED,https://x.com/little_HED,"18,393",,,"
",https://t.co/JlzmDwQYCK,,0,,,,,,,,,,,
1,0,1,0,@_Qubic_,https://x.com/_Qubic_,"98,243",,,"
",https://qubic.org/x,,0,,,,,,,,,,,
1,0,1,0,@csaba_kissi,https://x.com/csaba_kissi,"253,893",,,"
",https://Featurenest.com,,0,,,,,,,,,,,
1,1,1,0,@Ronycoder,https://x.com/Ronycoder,"91,490","Single post: $200
Thread post: $400
Quote post: $200",,imronxy@gmail.com,,,0,,,,,,,,,,,
1,0,1,0,@TheProductfolks,https://x.com/TheProductfolks,"68,371",,,"
",https://www.theproductfolks.com/,,0,,,,,,,,,,,
1,1,1,0,@Charmi,https://x.com/Charmi,"10,894",$1200 per tweet,,contacto@charmi.es,http://twitch.tv/charmi,,0,收到回复,,,,,,,,,,
1,0,1,0,@yush_g,https://x.com/yush_g,"3,247",,,"
",http://aayushg.com/feedback,,0,,,,,,,,,,,
1,0,1,0,@xiao_ted,https://x.com/xiao_ted,"31,508",,,"
",http://tedxiao.me,,0,,,,,,,,,,,
1,1,1,0,@Rixhabh__,https://x.com/Rixhabh__,"104,224","Dedicated Sponsored Post: $320
Dedicated Thread: $500
Quote Post: $100
Repost: $60",,imrixhabh@gmail.com,https://bit.ly/AI_Insights,,0,,,,,,,,,,,
1,0,1,0,@n__deborah,https://x.com/n__deborah,"312,297",,,"
",https://www.passionfroot.me/debby,,0,,,,,,,,,,,
1,0,1,0,@agent_wrapper,https://x.com/agent_wrapper,"5,602",,,"
",https://github.com/AgentWrapper/agent-orchestrator,,0,,,,,,,,,,,
1,0,1,0,@charliesbot,https://x.com/charliesbot,"48,402",,,"
",https://bento.me/charliesbot,,0,,,,,,,,,,,
1,0,1,0,@meshtimes_,https://x.com/meshtimes_,"14,277",,,"
",https://www.instagram.com/meshtimes,,0,,,,,,,,,,,
1,0,1,0,@DeepLearningAI,https://x.com/DeepLearningAI,"328,784",,,"
",https://www.DeepLearning.AI/,,0,,,,,,,,,,,
1,0,1,0,@mathemetica,https://x.com/mathemetica,"19,191",,,"
",,,0,,,,,,,,,,,
1,0,1,0,@hntrbrkmedia,https://x.com/hntrbrkmedia,"38,146",,,ideas@hntrbrk.com,http://wikipedia.org/wiki/Hunterbrook,,0,,,,,,,,,,,
1,0,1,0,@imPenny2x,https://x.com/imPenny2x,"135,425",,,"
",http://penny2x.org,,0,,,,,,,,,,,
1,0,1,0,@EnzoThang2406,https://x.com/EnzoThang2406,"12,594",,,"
",,,0,,,,,,,,,,,
1,0,1,0,@shivanijpatel,https://x.com/shivanijpatel,"4,326",,,"
",https://telemetron.ai,,0,,,,,,,,,,,
1,0,1,0,@Vinay_bharambe,https://x.com/Vinay_bharambe,"24,231",,,"
",,,0,,,,,,,,,,,
1,0,1,0,@VoidAsuka,https://x.com/VoidAsuka,"22,702",,,"
",,,0,,,,,,,,,,,
1,0,1,0,@strawbxnny_,https://x.com/strawbxnny_,"7,621",,,"
",https://linktr.ee/strawbxnny,,0,,,,,,,,,,,
1,0,1,0,@marmaduke091,https://x.com/marmaduke091,"9,979",,,"
",,,0,,,,,,,,,,,
1,0,1,0,@simonw,https://x.com/simonw,"170,422",,,simon@simonwillison.net,https://fedi.simonwillison.net/@simon,,0,,,,,,,,,,,
1,0,1,0,@observie,https://x.com/observie,"5,558",,,"
",https://t.co/mIygp8OBUc,,0,,,,,,,,,,,
1,0,1,0,@thejayden,https://x.com/thejayden,"12,826",,,"
",https://polymarket.com?via=jayden,,0,,,,,,,,,,,
1,0,1,0,@Chen,https://x.com/Chen,"26,656",,,"
",http://speedrun.a16z.com,,0,,,,,,,,,,,
1,0,1,0,@RileyRalmuto,https://x.com/RileyRalmuto,"19,439",,,"
",https://mnemos.chat/,,0,,,,,,,,,,,
1,0,1,0,@themacrosift,https://x.com/themacrosift,"9,919",,,"noise@20aq.289c1f1d.avif
you@company.com",https://try.elevenlabs.io/2fro8261lgwq,,0,,,,,,,,,,,
1,0,1,0,@ansonyuu,https://x.com/ansonyuu,"15,812",,,"
",http://ansonyu.me,,0,,,,,,,,,,,
1,0,1,0,@AlexKazoh,https://x.com/AlexKazoh,"3,930",,,"
",,,0,,,,,,,,,,,
1,0,1,0,@twominutepapers,https://x.com/twominutepapers,"53,047",,,"
",https://www.youtube.com/@TwoMinutePapers/,,0,,,,,,,,,,,
1,0,1,0,@adrgrondin,https://x.com/adrgrondin,"7,557",,,"
",https://locallyai.app,,0,,,,,,,,,,,
1,0,1,0,@LiorOnAI,https://x.com/LiorOnAI,"114,693",,,"
",https://alphasignal.ai,,0,,,,,,,,,,,
1,0,1,0,@aleenaamiir,https://x.com/aleenaamiir,"17,254",,,"
",,,0,,,,,,,,,,,
1,0,1,0,@perplexity_ai,https://x.com/perplexity_ai,"480,267",,,"
",http://perplexity.ai/personal-computer,,0,,,,,,,,,,,
1,0,1,0,@mercor_ai,https://x.com/mercor_ai,"18,433",,,"
",https://www.mercor.com/careers,,0,,,,,,,,,,,
1,0,1,0,@444triste,https://x.com/444triste,"39,283",,,"
",,,0,,,,,,,,,,,
1,0,1,0,@runwayml,https://x.com/runwayml,"274,790",,,recruiting@runwayml.com,http://runwayml.com/careers,,0,,,,,,,,,,,
1,0,1,0,@cursor_ai,https://x.com/cursor_ai,"351,384",,,hi@cursor.com,http://cursor.com,,0,,,,,,,,,,,
1,0,1,0,@OfficialLoganK,https://x.com/OfficialLoganK,"301,228",,,hey@logank.ai,https://logank.ai,,0,,,,,,,,,,,
1,0,1,0,@GergelyOrosz,https://x.com/GergelyOrosz,"328,730",,,"
",https://pragmaticengineer.com/,,0,,,,,,,,,,,
1,0,1,0,@rchase,https://x.com/rchase,"20,842",,,"
",http://blog.rchase.com,,0,,,,,,,,,,,
1,0,1,0,@WindowsLatest,https://x.com/WindowsLatest,"54,338",,,"
",http://www.windowslatest.com,,0,,,,,,,,,,,
1,0,1,0,@ChrisJo00291974,https://x.com/ChrisJo00291974,"19,028",,@share,"
",https://truthergpt.pages.dev,,0,,,,,,,,,,,
1,0,1,0,@HermeticPhysiq,https://x.com/HermeticPhysiq,"12,758",,,"
",,,0,,,,,,,,,,,
1,0,1,0,@avalanchexbt,https://x.com/avalanchexbt,"26,156",,,"
",,,0,,,,,,,,,,,
1,0,1,0,@benjamin_bolte,https://x.com/benjamin_bolte,"7,999",,,"
",https://ben.bolte.cc/about,,0,,,,,,,,,,,
1,0,1,0,@OnlyReaderX_,https://x.com/OnlyReaderX_,"4,922",,,"
",,,0,,,,,,,,,,,
1,0,1,0,@BharukaShraddha,https://x.com/BharukaShraddha,"31,331",,,absdigitalagencyadman@gmail.com,https://www.linkedin.com/in/shraddha-bharuka,,0,,,,,,,,,,,
1,1,1,0,@Rana_kamran43,https://x.com/Rana_kamran43,"57,232","• Dedicated sponsored post: $150
• Integrated collaboration: $70",,kamranhasan443@gmail.com,,,0,,,,,,,,,,,
1,0,1,0,@Skuullls,https://x.com/Skuullls,"5,733",,@Skulls_omri,"
",http://t.me/Skulls_omri,,0,,,,,,,,,,,
1,0,1,0,@CheckCanopy,https://x.com/CheckCanopy,"9,326",,,"
",,,0,,,,,,,,,,,
1,0,1,0,@santiagomed,https://x.com/santiagomed,"3,732",,,santiagm08@gmail.com,https://santiagomed.com,,0,,,,,,,,,,,
1,0,1,0,@soontechnology,https://x.com/soontechnology,"25,070",,,"
",http://soon.tech,,0,,,,,,,,,,,
1,0,1,0,@hardeep_gambhir,https://x.com/hardeep_gambhir,"10,304",,,"
",http://hardeep.space,,0,,,,,,,,,,,
1,0,1,0,@sripathiteja4,https://x.com/sripathiteja4,"17,668",,,tejasripathi04@gmail.com,,,0,,,,,,,,,,,
1,0,1,0,@AiBreakfast,https://x.com/AiBreakfast,"232,444",,,"
",http://aibreakfast.beehiiv.com/subscribe,,0,,,,,,,,,,,
1,0,1,0,@unwind_ai_,https://x.com/unwind_ai_,"20,664",,,"
",http://theunwindai.com,,0,,,,,,,,,,,
1,0,1,0,@AI_with_jasmin,https://x.com/AI_with_jasmin,"14,101",,,jasminbd11@gmail.com,,,0,,,,,,,,,,,
1,0,1,0,@ronaldmannak,https://x.com/ronaldmannak,"6,356",,,"
",https://apps.apple.com/us/app/pico-private-ai-server/id6738607769?mt=12,,0,,,,,,,,,,,
1,0,1,0,@aphysicist,https://x.com/aphysicist,"47,755",,,"
",http://atomic.industries,,0,,,,,,,,,,,
1,0,1,0,@kalinowski007,https://x.com/kalinowski007,"37,304",,,"
",,,0,,,,,,,,,,,
1,1,1,0,@this_is_tasnim,https://x.com/this_is_tasnim,"10,179",- X Thread: $400- X Post: $300- Quote Repost / Repost: $150,@M_TSNM,malihatasnim956@gmail.com,,Castle and Castle,0,,1,,1,,,,,,,
1,0,1,0,@pvergadia,https://x.com/pvergadia,"47,036",,,user@domain.com,http://thecloudgirl.dev,,0,,,,,,,,,,,
1,0,1,0,@cryptunez,https://x.com/cryptunez,"167,810",,,"
",,,0,,,,,,,,,,,
1,0,1,0,@Cosmere16Pod,https://x.com/Cosmere16Pod,"9,248",,,"
",https://ko-fi.com/cosmere16,,0,,,,,,,,,,,
1,0,1,0,@aleemrehmtulla,https://x.com/aleemrehmtulla,"5,277",,,"
",https://kyte.bio/aleem,,0,,,,,,,,,,,
1,0,1,0,@chrisfirst,https://x.com/chrisfirst,"17,343",,,its@chrisfirst.com,https://linktr.ee/chrisfirst,,1,,,,,,,,,,,
1,0,1,0,@JonhernandezIA,https://x.com/JonhernandezIA,"23,520",,,iban@jonhernandez.education,https://youtube.com/@la_inteligencia_artificial,,1,,,,,,,,,,,
1,0,1,0,@damianplayer,https://x.com/damianplayer,"47,362",,,"
",http://damianplayer.com,,0,,,,,,,,,,,
1,1,1,0,@Trathoa,https://x.com/Trathoa,"10,005",20$ / post,@HancerBurakk,trungngo1010@gmail.com,,,1,收到回复,,,,,,,,,,
1,0,1,0,@steipete,https://x.com/steipete,"489,289",,,peter@steipete.me,https://steipete.me,,0,,,,,,,,,,,
1,0,1,0,@vincent_koc,https://x.com/vincent_koc,"16,473",,@vincent,vincentkoc@ieee.org,https://linktr.ee/vincentkoc,,0,,,,,,,,,,,
1,0,1,0,@khoomeik,https://x.com/khoomeik,"42,103",,,"
",https://rpandey.tech,,0,,,,,,,,,,,
1,0,1,0,@InduTripat82427,https://x.com/InduTripat82427,"14,328",,,"
",https://ai-for-gods.beehiiv.com/,,0,,,,,,,,,,,
1,0,1,0,@Dan_Jeffries1,https://x.com/Dan_Jeffries1,"36,275",,,"
",https://danieljeffries.substack.com/,,0,,,,,,,,,,,
1,0,1,0,@TheGeorgePu,https://x.com/TheGeorgePu,"44,700",,,george@founderreality.com,https://www.founderreality.com/,,0,,,,,,,,,,,
1,0,1,0,@AIonBase_,https://x.com/AIonBase_,"23,490",,@rio_base,"
",http://t.me/rio_base,,0,,,,,,,,,,,
1,0,1,0,@charles_irl,https://x.com/charles_irl,"17,474",,,"
",https://modal.com,,0,,,,,,,,,,,
1,0,1,0,@Sentdex,https://x.com/Sentdex,"103,330",,,"
",http://luckyrobots.com/jobs,,0,,,,,,,,,,,
1,0,1,0,@skorusARK,https://x.com/skorusARK,"149,811",,,"
",http://bit.ly/1C5DBVL,,0,,,,,,,,,,,
1,0,1,0,@AndrewBolis,https://x.com/AndrewBolis,"267,991",,,biz@abdigital.cc,http://FreeGuides.cc,,0,,,,,,,,,,,
1,0,1,0,@pika_labs,https://x.com/pika_labs,"147,322",,,"
",http://pika.me/,,0,,,,,,,,,,,
1,0,1,0,@janleike,https://x.com/janleike,"127,532",,,jan@anthropic.com,https://jan.leike.name/,,0,,,,,,,,,,,
1,0,1,0,@xenovacom,https://x.com/xenovacom,"16,773",,,"
",https://github.com/huggingface/transformers.js,,0,,,,,,,,,,,
1,0,1,0,@ConsciousRide,https://x.com/ConsciousRide,"4,004",,,"
",https://akshayshinde.com,,0,,,,,,,,,,,
1,0,1,0,@EHuanglu,https://x.com/EHuanglu,"127,348",,,"
",,,0,,,,,,,,,,,
1,0,1,0,@giffmana,https://x.com/giffmana,"132,740",,,"eloise.rosen+admonymous@gmail.com
yonidonner@gmail.com
nevin.freeman@gmail.com",https://www.admonymous.co/giffmana,,0,,,,,,,,,,,
1,0,1,0,@peakxvpartners,https://x.com/peakxvpartners,"99,035",,,"pr@peakxv.com
contactus@peakxv.com",http://peakxvpartners.com,,0,,,,,,,,,,,
1,0,1,0,@NATIXNetwork,https://x.com/NATIXNetwork,"140,032",,,"
",http://linktr.ee/natixnetwork,,0,,,,,,,,,,,
1,0,1,0,@curiouswavefn,https://x.com/curiouswavefn,"30,512",,,"
",http://wavefunction.fieldofscience.com,,0,,,,,,,,,,,
1,0,1,0,@threepointone,https://x.com/threepointone,"51,061",,,"
",https://github.com/cloudflare/agents/,,0,,,,,,,,,,,
1,0,1,0,@MrComputerSci,https://x.com/MrComputerSci,"7,955",,,hi@pithycyborg.com,https://pithycyborg.substack.com/subscribe,,0,,,,,,,,,,,
1,0,1,0,@robinebers,https://x.com/robinebers,"6,140",,,you@yourcompany.com,https://itsbyrob.in/SY3GjlH,,0,,,,,,,,,,,
1,0,1,0,@ShanuMathew93,https://x.com/ShanuMathew93,"21,763",,,you@company.com,http://shanumathew.com,,0,,,,,,,,,,,
1,0,1,0,@astridwilde1,https://x.com/astridwilde1,"15,336",,,astrid@inheritance.ai,https://inheritance.ai,,0,,,,,,,,,,,
1,0,1,0,@RamSingh_369,https://x.com/RamSingh_369,"3,292",,,jubao@lingying.com,https://www.linkedin.com/in/ram-singh-verma369/,,0,,,,,,,,,,,
1,0,1,0,@amritwt,https://x.com/amritwt,"43,624",,,iamamrit27@gmail.com,https://amritwt.me/,,0,,,,,,,,,,,
1,0,1,0,@robrombach,https://x.com/robrombach,"13,090",,,"
",https://bfl.ai/,,0,,,,,,,,,,,
1,0,1,0,@MrDavids1,https://x.com/MrDavids1,"22,007",,,"
",https://www.artstation.com/mrdavids,,0,,,,,,,,,,,
1,0,1,0,@dexhorthy,https://x.com/dexhorthy,"16,769",,,your@email.com,https://hlyr.dev/code,,0,,,,,,,,,,,
1,1,1,0,@charliejhills,https://x.com/charliejhills,"9,786","$1,200 for a single X post",,charliejameshills@gmail.com,https://charliehills.substack.com/,,0,收到回复,,,,,,,,,,
1,0,1,0,@philfung,https://x.com/philfung,"4,385",,,"
",https://tiny.bio/pfung,,0,,,,,,,,,,,
1,1,1,0,@socialwithaayan,https://x.com/socialwithaayan,"66,471","Single X post: $400
X thread:$600
LinkedIn post: $800
Quote repost: $300",,socialwithayan@gmail.com,https://linktr.ee/socialwithayan,,0,,,,,,,,,,,
1,0,1,0,@brankopetric00,https://x.com/brankopetric00,"19,489",,,"
",https://opentweet.io,,0,,,,,,,,,,,
1,0,1,0,@soumithchintala,https://x.com/soumithchintala,"295,614",,,"
",http://soumith.ch,,0,,,,,,,,,,,
1,0,1,0,@goodside,https://x.com/goodside,"194,239",,,"
",,,0,,,,,,,,,,,
1,0,1,0,@fortytwonetwork,https://x.com/fortytwonetwork,"34,273",,,"
",https://fortytwo.network,,0,,,,,,,,,,,
1,0,1,0,@SuperteamEarn,https://x.com/SuperteamEarn,"36,257",,,"
",https://superteam.fun/earn,,0,,,,,,,,,,,
1,0,1,0,@ComfyUI,https://x.com/ComfyUI,"43,683",,,hiring@comfy.org,https://comfy.org/careers,,0,,,,,,,,,,,
1,0,1,0,@Fairyqueenhihi,https://x.com/Fairyqueenhihi,"28,827",,,"
",,,0,,,,,,,,,,,
1,0,1,0,@Trae_ai,https://x.com/Trae_ai,"40,164",,,"
",https://solo.trae.ai/,,0,,,,,,,,,,,
1,0,1,0,@ArtificialAnlys,https://x.com/ArtificialAnlys,"89,792",,,"
",http://artificialanalysis.ai/,,0,,,,,,,,,,,
1,0,1,0,@itsolelehmann,https://x.com/itsolelehmann,"141,871",,@ole1337,office@fynnster.com,http://aisolo.beehiiv.com/subscribe,,0,收到回复,,,,,,,,,,
1,0,1,0,@Abmankendrick,https://x.com/Abmankendrick,"60,030",,,abrahamjo333@gmail.com,https://solo.to/abrahamjohn,,0,,,,,,,,,,,
1,0,1,0,@xmaquina,https://x.com/xmaquina,"54,956",,@xmaquinaofficial,"
",http://linktr.ee/xmaquina,,0,,,,,,,,,,,
1,0,1,0,@SinghDevHub,https://x.com/SinghDevHub,"14,108",,,"
",https://yt.openinapp.co/ta5he,,0,,,,,,,,,,,
1,0,1,0,@JessLozanoS,https://x.com/JessLozanoS,"41,333",,,"
",,,0,,,,,,,,,,,
1,0,1,0,@dkare1009,https://x.com/dkare1009,"9,296",,,"
",,,0,,,,,,,,,,,
1,0,1,0,@cocktailpeanut,https://x.com/cocktailpeanut,"32,992",,,cocktailpeanut@gmail.com,http://pinokio.co,,0,,,,,,,,,,,
1,0,1,0,@LuizaJarovsky,https://x.com/LuizaJarovsky,"27,623",,,"
",https://aitechprivacy.com,,0,,,,,,,,,,,
1,0,1,0,@FarzaTV,https://x.com/FarzaTV,"101,503",,,"naruto@gmail.com
farza@humansongs.so",http://farza.com,,0,,,,,,,,,,,
1,0,1,0,@karinanguyen,https://x.com/karinanguyen,"43,215",,,"
",http://thoughtfullab.com,,0,,,,,,,,,,,
1,0,1,0,@yangyou,https://x.com/yangyou,"11,638",,,"
",http://yangyou.xyz,,0,,,,,,,,,,,
1,0,1,0,@osanseviero,https://x.com/osanseviero,"67,770",,,"
",https://osanseviero.github.io/hackerllama/,,0,,,,,,,,,,,
1,0,1,0,@Pri_promo,https://x.com/Pri_promo,"7,591",,,"
",http://pri.promo,,0,,,,,,,,,,,
1,0,1,0,@Nona_xai,https://x.com/Nona_xai,"16,984",,,"
",,,0,,,,,,,,,,,
1,0,1,0,@koylanai,https://x.com/koylanai,"20,108",,,muratcan.koylan@outlook.com,https://muratcankoylan.com/for-agents/,,0,,,,,,,,,,,
1,0,1,0,@Artzchillect,https://x.com/Artzchillect,"164,134",,,"
",,,0,,,,,,,,,,,
1,0,1,0,@FrankieIsLost,https://x.com/FrankieIsLost,"31,465",,,"
",,,0,,,,,,,,,,,
1,0,1,0,@gamefromscratch,https://x.com/gamefromscratch,"27,752",,,"
",http://www.gamefromscratch.com,,0,,,,,,,,,,,
1,0,1,0,@ihtesham2005,https://x.com/ihtesham2005,"24,327",,,"
",http://theprohuman.ai,,0,,,,,,,,,,,
1,0,1,0,@rajko_rad,https://x.com/rajko_rad,"6,008",,,jubao@lingying.com,https://www.linkedin.com/in/rajko-radovanovi%C4%87-05068320,,0,,,,,,,,,,,
1,0,1,0,@TheAIWorld22,https://x.com/TheAIWorld22,"21,871",,,Mayanktayal362@gmail.com,https://www.linkedin.com/in/mayanktayal212/,,0,,,,,,,,,,,
1,0,1,0,@IsomorphicLabs,https://x.com/IsomorphicLabs,"43,667",,,"partnering@isomorphiclabs.com
connecting@isomorphiclabs.com",http://www.isomorphiclabs.com,,0,,,,,,,,,,,
1,0,1,0,@Vader_AI_,https://x.com/Vader_AI_,"38,412",,,"
",https://vaderai.ai/,,0,,,,,,,,,,,
1,0,1,0,@max_paperclips,https://x.com/max_paperclips,"11,539",,,"
",https://t.co/JAoBrqMLXN,,0,,,,,,,,,,,
1,0,1,0,@thaiscbranco_,https://x.com/thaiscbranco_,"3,611",,,"
",,,0,,,,,,,,,,,
1,0,1,0,@cixliv,https://x.com/cixliv,"32,617",,,"
",http://rek.com/shop,,0,,,,,,,,,,,
1,0,1,0,@MrDasOnX,https://x.com/MrDasOnX,"5,010",,,"
",,,0,,,,,,,,,,,
1,0,1,0,@hausman_k,https://x.com/hausman_k,"40,759",,,"
",http://pi.website,,0,,,,,,,,,,,
1,0,1,0,@GeerlingEng,https://x.com/GeerlingEng,"3,354",,,"
",https://www.youtube.com/c/GeerlingEngineering,,0,,,,,,,,,,,
1,0,1,0,@RoundtableSpace,https://x.com/RoundtableSpace,"236,281",,,romy.h@roundtable.club,http://roundtable.live,,0,,,,,,,,,,,
1,0,1,0,@Aurelien_Gz,https://x.com/Aurelien_Gz,"18,772",,,"
",,,0,,,,,,,,,,,
1,0,1,0,@lucas_montano,https://x.com/lucas_montano,"67,792",,,"
",http://stupidbutton.club,,0,,,,,,,,,,,
1,0,1,0,@alexcooldev,https://x.com/alexcooldev,"56,713",,,"
",http://notewave.app,,0,,,,,,,,,,,
1,0,1,0,@Mayhem4Markets,https://x.com/Mayhem4Markets,"261,948",,,growth@marketsandmayhem.com,https://marketsandmayhem.com,,0,,,,,,,,,,,
1,0,1,0,@thesephist,https://x.com/thesephist,"39,807",,,"
",https://thesephist.com/,,0,,,,,,,,,,,
1,0,1,0,@ViggleAI,https://x.com/ViggleAI,"22,488",,,"
",https://bit.ly/3O82XRk,,0,,,,,,,,,,,
1,0,1,0,@Dannyboy_0x,https://x.com/Dannyboy_0x,"4,093",,@Dannyboy_0x,"
",https://t.me/Dannyboy_0x,,0,,,,,,,,,,,
1,0,1,0,@aakashgupta,https://x.com/aakashgupta,"238,971",,,productgrowthppp@gmail.com,http://product-growth.com,,0,,,,,,,,,,,
1,0,1,0,@jomatech,https://x.com/jomatech,"112,400",,,"
",https://www.youtube.com/@jomatech,,0,,,,,,,,,,,
1,0,1,0,@0xJeff,https://x.com/0xJeff,"78,790",,,"
",https://defi0xjeff.substack.com/,,0,,,,,,,,,,,
1,0,1,0,@PimDeWitte,https://x.com/PimDeWitte,"13,957",,,"
",http://pimdewitte.com,,0,,,,,,,,,,,
1,0,1,0,@karanganesan,https://x.com/karanganesan,"9,368",,,"
",,,0,,,,,,,,,,,
1,0,1,0,@Mho_23,https://x.com/Mho_23,"24,265",,,"
",http://contentsystem.ai,,0,,,,,,,,,,,
1,0,1,0,@techwith_ram,https://x.com/techwith_ram,"11,652",,,itsramakrushna@gmail.com,https://accord.works,,0,,,,,,,,,,,
1,0,1,0,@LauraModiano,https://x.com/LauraModiano,"6,481",,,"
",,,0,,,,,,,,,,,
1,0,1,0,@Blum_OG,https://x.com/Blum_OG,"43,811",,@blum_x@blumx_chat@BLUM_OG,"
",http://t.me/blum_x,,0,,,,,,,,,,,
1,0,1,0,@jessetrowe,https://x.com/jessetrowe,"4,046",,,"
",http://detectarena.ai,,0,,,,,,,,,,,
1,0,1,0,@gatere_mark,https://x.com/gatere_mark,"13,117",,,"
",https://gate-re.com/,,0,,,,,,,,,,,
1,0,1,0,@HamelHusain,https://x.com/HamelHusain,"46,438",,,"hh@parlance-labs.com
your@email.com",http://evals.info,,0,,,,,,,,,,,
1,0,1,0,@astuyve,https://x.com/astuyve,"10,202",,,"
",https://aaronstuyvenberg.com,,0,,,,,,,,,,,
1,0,1,0,@viktoroddy,https://x.com/viktoroddy,"42,283",,,"
",http://Motionsites.ai,,0,,,,,,,,,,,
1,0,1,0,@devopscube,https://x.com/devopscube,"10,809",,,"
",https://newsletter.devopscube.com,,0,,,,,,,,,,,
1,0,1,0,@BrookeaJoseph,https://x.com/BrookeaJoseph,"3,307",,,"
",http://brookejoseph.com,,0,,,,,,,,,,,
1,0,1,0,@bridgemindai,https://x.com/bridgemindai,"29,307",,,"
",http://bridgemind.ai/discord,,0,,,,,,,,,,,
1,0,1,0,@CharmLama,https://x.com/CharmLama,"11,534",,,"
",,,0,,,,,,,,,,,
1,0,1,0,@nexxeln,https://x.com/nexxeln,"22,634",,,hey@nexxel.dev,https://nexxel.dev,,0,,,,,,,,,,,
1,0,1,0,@sharbel,https://x.com/sharbel,"69,811",,,"
",http://FounderFunnel.com,,0,,,,,,,,,,,
1,0,1,0,@ideabrowser,https://x.com/ideabrowser,"33,489",,,"
",https://www.ideabrowser.com/join,,0,,,,,,,,,,,
1,0,1,0,@lloydcreates,https://x.com/lloydcreates,"27,447",,,"
",https://substack.com/@lloydcreates,,0,,,,,,,,,,,
1,0,1,0,@wightmanr,https://x.com/wightmanr,"23,925",,,"
",http://rwightman.com/,,0,,,,,,,,,,,
1,0,1,0,@Aiden_Tech_Ai,https://x.com/Aiden_Tech_Ai,"37,631",,,aidentechai1@gmail.com,,,0,,,,,,,,,,,
1,0,1,0,@Hesamation,https://x.com/Hesamation,"79,135",,,"
",,,0,,,,,,,,,,,
1,0,1,0,@Majin_AppSheet,https://x.com/Majin_AppSheet,"34,916",,,"
",https://note.com/majin_108,,0,,,,,,,,,,,
1,1,1,0,@egeberkina,https://x.com/egeberkina,"55,711","X post: $1,500
X thread: $2,250
Quote post: $1,250",,egeberkina@gmail.com,https://linktr.ee/egeberkina,,0,,,,,,,,,,,
1,0,1,0,@SuhailKakar,https://x.com/SuhailKakar,"68,751",,,hi@suhailkakar.com,http://suhailkakar.com,,0,,,,,,,,,,,
1,0,1,0,@katiekirsch,https://x.com/katiekirsch,"7,726",,,"
",,,0,,,,,,,,,,,
1,0,1,0,@clonerobotics,https://x.com/clonerobotics,"68,848",,,"
",http://www.clonerobotics.com,,0,,,,,,,,,,,
1,0,1,0,@Ai_Vaidehi,https://x.com/Ai_Vaidehi,"13,479",,,"
",,,0,,,,,,,,,,,
1,0,1,0,@JayAlammar,https://x.com/JayAlammar,"48,954",,,"
",http://newsletter.languagemodels.co,,0,,,,,,,,,,,
1,0,1,0,@heyronir,https://x.com/heyronir,"57,650",,@heyronir,roni@cyberman.ai,https://www.cyberman.ai/subscribe,,0,收到回复,,,,,,,,,,
1,0,1,0,@DCENTWALLETS,https://x.com/DCENTWALLETS,"53,913",,,"
",https://linktr.ee/DCENTWALLET,,0,,,,,,,,,,,
1,0,1,0,@crexsol,https://x.com/crexsol,"23,278",,,"
",,,0,,,,,,,,,,,
1,0,1,0,@zentry,https://x.com/zentry,"71,801",,,"
",http://terminal.zentry.com,,0,,,,,,,,,,,
1,0,1,0,@bigaiguy,https://x.com/bigaiguy,"18,837",,,"
",https://www.aimarketing.directory,,0,,,,,,,,,,,
1,0,1,0,@trychroma,https://x.com/trychroma,"29,156",,,"
",http://trychroma.com,,0,,,,,,,,,,,
1,0,1,0,@brunoxm_,https://x.com/brunoxm_,"106,158",,,"
",http://instagram.com/brunoxm_,,0,,,,,,,,,,,
1,0,1,0,@Dheepanratnam,https://x.com/Dheepanratnam,"11,782",,,"
",,,0,,,,,,,,,,,
1,0,1,0,@questmoosa,https://x.com/questmoosa,"36,672",,,"
",https://questmoosa.substack.com/,,0,,,,,,,,,,,
1,1,1,0,@cyrilXBT,https://x.com/cyrilXBT,"155,450",Tweet: 1000; Thread: 2000; Article: 3000; Newsletter: 2000,@cyrilxbt@alphageeks,cyrilxbt@gmail.com,https://linktr.ee/cyrilxbt,,0,,,,,,,,,,,
1,0,1,0,@CAIS,https://x.com/CAIS,"9,151",,,"
",http://safe.ai,,0,,,,,,,,,,,
1,0,1,0,@IndieGameJoe,https://x.com/IndieGameJoe,"43,387",,,"
",https://t.co/SlcRjcxzlT,,0,,,,,,,,,,,
1,0,1,0,@DennisonBertram,https://x.com/DennisonBertram,"12,554",,,"dennison@tally.xyz
user@domain.com",http://www.dennisonbertram.com,,0,,,,,,,,,,,
1,0,1,0,@hmalviya9,https://x.com/hmalviya9,"85,269",,,"
",https://github.com/hmalviya9/,,0,,,,,,,,,,,
1,0,1,0,@FrancescoCiull4,https://x.com/FrancescoCiull4,"204,291",,,"
",http://zerops.io,,0,,,,,,,,,,,
1,0,1,0,@dhaiwat10,https://x.com/dhaiwat10,"12,888",,,"
",https://dhai.eth.limo/,,0,,,,,,,,,,,
1,0,1,0,@luke_metro,https://x.com/luke_metro,"17,188",,,"
",,,0,,,,,,,,,,,
1,0,1,0,@cartist00,https://x.com/cartist00,"36,092",,,"
",https://app.rey.xyz/cartist,,0,,,,,,,,,,,
1,0,1,0,@IamKyros69,https://x.com/IamKyros69,"10,324",,,"
",,,0,,,,,,,,,,,
1,0,1,0,@GoingBallistic5,https://x.com/GoingBallistic5,"24,222",,,"
",,,0,,,,,,,,,,,
1,0,1,0,@Fuentes_Genero,https://x.com/Fuentes_Genero,"47,297",,,fuentesgenero@gmail.com,,,0,,,,,,,,,,,
1,0,1,0,@Strength04_X,https://x.com/Strength04_X,"13,591",,,"
",,,0,,,,,,,,,,,
1,0,1,0,@NoahEpstein_,https://x.com/NoahEpstein_,"37,397",,,"
",https://www.noahepstein.ai/,,0,,,,,,,,,,,
1,0,1,0,@Alphaecho207,https://x.com/Alphaecho207,"5,984",,,"
",,,0,,,,,,,,,,,
1,0,1,0,@NextShopiaAi,https://x.com/NextShopiaAi,"3,358",,,collab.shopia@gmail.com,,,0,,,,,,,,,,,
1,0,1,0,@Ellieinspace,https://x.com/Ellieinspace,"103,116",,,"
",,,0,,,,,,,,,,,
1,0,1,0,@nutlope,https://x.com/nutlope,"95,504",,,hassan@roomgpt.io,http://roomgpt.io,,0,,,,,,,,,,,
1,0,1,0,@lavaplanetx,https://x.com/lavaplanetx,"11,140",,@lavaplanetx,"
",http://t.me/lavaplanetx,,0,,,,,,,,,,,
1,0,1,0,@songyoupeng,https://x.com/songyoupeng,"7,816",,,songyou@google.com,https://pengsongyou.github.io/,,0,,,,,,,,,,,
1,0,1,0,@RihardJarc,https://x.com/RihardJarc,"74,291",,,"
",https://www.uncoveralpha.com/,,0,,,,,,,,,,,
1,0,1,0,@yulikay,https://x.com/yulikay,"14,213",,,"
",,,0,,,,,,,,,,,
1,0,1,0,@BawsaXBT,https://x.com/BawsaXBT,"32,725",,,"
",,,0,,,,,,,,,,,
1,0,1,0,@GeoffreyHuntley,https://x.com/GeoffreyHuntley,"80,068",,,ghuntley@ghuntley.com,https://ghuntley.com,,0,,,,,,,,,,,
1,0,1,0,@boxmining,https://x.com/boxmining,"176,593",,,"
",https://boxminingai.com/,,0,,,,,,,,,,,
1,0,1,0,@BaseHubHB,https://x.com/BaseHubHB,"55,320",,@HubBlock_media,"
",http://t.me/HubBlock_media,,0,,,,,,,,,,,
1,0,1,0,@alxfazio,https://x.com/alxfazio,"20,112",,,"
",http://github.com/alexfazio,,0,,,,,,,,,,,
1,0,1,0,@TechieBySA,https://x.com/TechieBySA,"23,346",,@samiayoub2,"
",,,0,收到回复,,,,,,,,,,
1,0,1,0,@nickvasiles,https://x.com/nickvasiles,"10,149",,,spencer@orgo.ai,https://orgo.ai,,0,,,,,,,,,,,
1,0,1,0,@charlierguo,https://x.com/charlierguo,"4,601",,,"
",https://www.ignorance.ai/,,0,,,,,,,,,,,
1,0,1,0,@MilkRoad,https://x.com/MilkRoad,"98,861",,,"
",,,0,,,,,,,,,,,
1,0,1,0,@cHHillee,https://x.com/cHHillee,"46,804",,,"
",https://www.thonking.ai/p/strangely-matrix-multiplications,,0,,,,,,,,,,,
1,0,1,0,@tszzl,https://x.com/tszzl,"318,046",,,"
",http://roonscape.ai,,0,,,,,,,,,,,
1,0,1,0,@TryNoahAI,https://x.com/TryNoahAI,"6,657",,@NoahAIClawBot@noahbuilders,"
",https://linktr.ee/TryNoahAI,,0,,,,,,,,,,,
1,0,1,0,@TIP_Network,https://x.com/TIP_Network,"8,565",,,"
",https://www.theinvestorspodcast.com/subscribe-twitter/,,0,,,,,,,,,,,
1,0,1,0,@ujjwalscript,https://x.com/ujjwalscript,"89,563",,,"
",,,0,,,,,,,,,,,
1,0,1,0,@EXM7777,https://x.com/EXM7777,"98,958",,,"
",http://weeklyaiops.com,,0,,,,,,,,,,,
1,0,1,0,@LinuxHandbook,https://x.com/LinuxHandbook,"158,147",,,"
",https://linuxhandbook.com/,,0,,,,,,,,,,,
1,0,1,0,@xyzfennell,https://x.com/xyzfennell,"3,349",,,"
",http://fennell.cv,,0,,,,,,,,,,,
1,0,1,0,@dr_cintas,https://x.com/dr_cintas,"128,506",,,"
",https://simplifyingai.co,,0,,,,,,,,,,,
1,0,1,0,@Ai_here202,https://x.com/Ai_here202,"40,874",,,hereisyourai@gmail.com,https://www.passionfroot.me/mayank-agarwal,,0,,,,,,,,,,,
1,0,1,0,@AliGrids,https://x.com/AliGrids,"12,450",,,hugeicons@halallab.co,https://hugeicons.com/?via=Ali,,0,,,,,,,,,,,
1,0,0,0,@Cyber_Sudo,https://x.com/Cyber_Sudo,"5,181",,,,https://cybersudo.org/osint-mastery,,0,,,,,,,,,,,
1,0,1,0,@PythonPr,https://x.com/PythonPr,"200,774",,,"
",https://morioh.com,,0,,,,,,,,,,,
1,0,1,0,@kalomaze,https://x.com/kalomaze,"24,127",,,"
",,,0,,,,,,,,,,,
1,0,1,0,@herbertong,https://x.com/herbertong,"97,136",,,"
",https://youtube.com/@brighterwithherbert?si=eFc6l_NzBZPTJbgc,,0,,,,,,,,,,,
1,0,1,0,@ItsSnibby,https://x.com/ItsSnibby,"14,964",,@itssnibby,"
",https://t.me/itssnibby,,0,,,,,,,,,,,
1,0,1,0,@AdrianDittmann,https://x.com/AdrianDittmann,"287,233",,,"
",https://streamelements.com/adriandittmann/tip,,0,,,,,,,,,,,
1,0,1,0,@_seanliu,https://x.com/_seanliu,"5,570",,@7NfpxLD9JjiBVg,xiaoanliu@nyu.edu,https://seanliu.io/,,0,,,,,,,,,,,
1,0,1,0,@keysmashbandit,https://x.com/keysmashbandit,"16,231",,,"
",,,0,,,,,,,,,,,
1,0,1,0,@rishabincloud,https://x.com/rishabincloud,"21,598",,,"
",https://youtube.com/@rishabincloud,,0,,,,,,,,,,,
1,0,1,0,@jain_harshit,https://x.com/jain_harshit,"55,987",,,"
",,,0,,,,,,,,,,,
1,1,1,0,@VaibhavSisinty,https://x.com/VaibhavSisinty,"145,805","Tweet/Post — $8,000
Thread — $8,000
Quote Retweet — $7,000",,ContactVaibhav@protonmail.com,https://links.stayingahead.com/Twitter,,0,,,,,,,,,,,
1,0,1,0,@Samann_ai,https://x.com/Samann_ai,"4,724",,,"
",http://instagram.com/samann_ai,,0,,,,,,,,,,,
1,0,1,0,@johnowhitaker,https://x.com/johnowhitaker,"10,056",,,"2022-11-10-tgl_discussions_series_-_@enzymezoo.md
2022-11-10-tgl_discussions_series_-_@enzymezoo.html",http://johnowhitaker.dev,,0,,,,,,,,,,,
1,0,1,0,@_javelynn_,https://x.com/_javelynn_,"25,405",,,"
",https://www.passionfroot.me/javelynn,,0,,,,,,,,,,,
1,0,1,0,@marklit82,https://x.com/marklit82,"3,627",,,"
",http://tech.marksblogg.com,,0,,,,,,,,,,,
1,0,1,0,@lexx_aura,https://x.com/lexx_aura,"15,892",,,"
",,,0,,,,,,,,,,,
1,0,1,0,@nguyenthambt,https://x.com/nguyenthambt,"10,146",,,"
",,,0,,,,,,,,,,,
1,0,1,0,@akshay_pachaar,https://x.com/akshay_pachaar,"266,535",,,"
",http://join.dailydoseofds.com,,0,,,,,,,,,,,
1,0,1,0,@malonehedges,https://x.com/malonehedges,"3,960",,,webmaster@bonk.holdings,http://bonk.holdings,,0,,,,,,,,,,,
1,0,1,0,@aastha_mhaske,https://x.com/aastha_mhaske,"8,474",,,"
",,,0,,,,,,,,,,,
1,0,1,0,@Abdullah__Ai7,https://x.com/Abdullah__Ai7,"9,416",,,mrabdullahai07@gmail.com,,,0,,,,,,,,,,,
1,0,0,0,@InfoFortniteES,https://x.com/InfoFortniteES,"192,452",,,,https://t.co/hYCMsAyWv5,,0,,,,,,,,,,,
1,0,1,0,@weezerOSINT,https://x.com/weezerOSINT,"4,489",,@weezer,"
",https://t.me/weezer,,0,,,,,,,,,,,
1,0,1,0,@lochieaxon,https://x.com/lochieaxon,"9,593",,,"
",https://easing.dev,,0,,,,,,,,,,,
1,0,1,0,@techdevnotes,https://x.com/techdevnotes,"58,171",,,you@company.com,https://techdevnotes.com/,,0,,,,,,,,,,,
1,0,1,0,@OurWorldInData,https://x.com/OurWorldInData,"304,550",,,"
",http://www.ourworldindata.org,,0,,,,,,,,,,,
1,0,1,0,@rabbit_hmi,https://x.com/rabbit_hmi,"64,757",,,"
",http://rabbit.tech,,0,,,,,,,,,,,
1,0,1,0,@_ashleypeacock,https://x.com/_ashleypeacock,"3,972",,,"
",https://tinyurl.com/cloudflare-serverless-book,,0,,,,,,,,,,,
1,0,1,0,@zenorocha,https://x.com/zenorocha,"60,649",,,"
",https://react.email,,0,,,,,,,,,,,
1,0,1,0,@ashoKumar89,https://x.com/ashoKumar89,"10,973",,,"
",,,0,,,,,,,,,,,
1,0,1,0,@SpushFNBR,https://x.com/SpushFNBR,"85,663",,,fnbrspush@gmail.com,,,0,,,,,,,,,,,
1,1,1,0,@ai_explorer25,https://x.com/ai_explorer25,"6,003",350$ for single X post,@ajaini,nehajaincollabs@gmail.com,,,0,收到回复,,,,,,,,,,
1,0,1,0,@BatsouElef,https://x.com/BatsouElef,"55,890",,,"
",https://t.co/vHU6JTjGwK,,0,,,,,,,,,,,
1,0,1,0,@_akhaliq,https://x.com/_akhaliq,"482,849",,,"
",https://huggingface.co/papers/submit,,0,,,,,,,,,,,
1,0,1,0,@khushbooverma,https://x.com/khushbooverma,"163,064",,,"
",,,0,,,,,,,,,,,
1,0,1,0,@aiwithjainam,https://x.com/aiwithjainam,"13,039",,,"
",https://theshiftai.beehiiv.com/subscribe,,0,,,,,,,,,,,
1,1,1,0,@smratitiwa86867,https://x.com/smratitiwa86867,"5,812",$150; $200; $80; $40; rates are: • Single Post: $150 • Thread: $200 • Quote Post: $80 • RT/Repost: $40 Custom packages can also be discussed depen,,"
",https://itsdailyai.beehiiv.com/,,0,收到回复,,,,,,,,,,
1,0,1,0,@tec_sany,https://x.com/tec_sany,"12,564",,,tech.sanyy@gmail.com,https://www.passionfroot.me/robius-sany,,0,,,,,,,,,,,
1,0,1,0,@AllaAisling,https://x.com/AllaAisling,"51,478",,,"
",,,0,,,,,,,,,,,
1,0,1,0,@Star_Knight12,https://x.com/Star_Knight12,"19,761",,,prasen.nayak@hotmail.com,https://prasen.dev,,0,,,,,,,,,,,
1,0,1,0,@intheworldofai,https://x.com/intheworldofai,"13,061",,,"
",https://www.youtube.com/@intheworldofai,,0,,,,,,,,,,,
1,0,1,0,@RohOnChain,https://x.com/RohOnChain,"36,033",,,"
",,,0,,,,,,,,,,,
1,1,1,0,@techyoutbe,https://x.com/techyoutbe,"55,163","My standard pricing (when promotional material is provided)
Single Post: $80
Thread (3–5 posts): $100
Quote Post: $50
Content creation (custom visuals/videos included)
Single Post (with custom image/video): $120
Thread (3–5 posts with custom visuals/videos): $200
Blog Post Article on X & Substack: $200
Quote Post (with video): $80",@LearnDevOpsForFree,t3pacademy@gmail.com,https://linktr.ee/techfusionist,"X (Tech Fusionist): 56K+ followers
https://x.com/techyoutbe
Telegram: 16K+ subscribers
Substack: 4,400+ active subscribers",0,,,,,,,,,,,
1,0,1,0,@betomoedano,https://x.com/betomoedano,"9,104",,,beto@codewithbeto.dev,https://cwb.sh/rn,,0,,,,,,,,,,,
1,0,1,0,@awesome_visuals,https://x.com/awesome_visuals,"65,490",,,"
",,,0,,,,,,,,,,,
1,0,1,0,@lizziepika,https://x.com/lizziepika,"5,557",,,"
",http://lizziepika.substack.com,,0,,,,,,,,,,,
1,0,1,0,@Glomay22,https://x.com/Glomay22,"6,121",,,"
",,,0,,,,,,,,,,,
1,0,1,0,@ftm_guney,https://x.com/ftm_guney,"9,120",,,"
",https://mysite.ku.edu.tr/fguney/,,0,,,,,,,,,,,
1,0,1,0,@EchoLegacyAI,https://x.com/EchoLegacyAI,"123,942",,,"
",,,0,,,,,,,,,,,
1,0,1,0,@CodeByNZ,https://x.com/CodeByNZ,"18,179",,,"
",,,0,,,,,,,,,,,
1,0,1,0,@simonecanciello,https://x.com/simonecanciello,"22,157",,,"
",,,0,,,,,,,,,,,
1,0,1,0,@timikareem,https://x.com/timikareem,"3,567",,,timikareem53@gmail.com,https://www.behance.net/timikareem,,0,,,,,,,,,,,
1,0,1,0,@0xPhoenix77,https://x.com/0xPhoenix77,"9,346",,@Im_Nick123,"
",http://t.me/Im_Nick123,,0,,,,,,,,,,,
1,0,1,0,@victorialslocum,https://x.com/victorialslocum,"9,836",,,"
",https://victoriaslocum.com,,0,,,,,,,,,,,
1,0,1,0,@saumya1singh,https://x.com/saumya1singh,"103,780",,,saumya.globalhq@gmail.com,https://www.youtube.com/@saumya1singh,,0,,,,,,,,,,,
1,0,1,0,@mishadavinci,https://x.com/mishadavinci,"141,385",,,"
",https://substack.com/@mishadavinci,,0,,,,,,,,,,,
1,0,1,0,@cassidoo,https://x.com/cassidoo,"176,642",,,"
",http://cassidoo.co/newsletter,,0,,,,,,,,,,,
1,0,1,0,@carlvellotti,https://x.com/carlvellotti,"46,743",,,you@email.com,https://fullstackpm.com/subscribe,,0,,,,,,,,,,,
1,0,1,0,@MaximeHeckel,https://x.com/MaximeHeckel,"12,957",,,"
",https://blog.maximeheckel.com,,0,,,,,,,,,,,
1,0,1,0,@golangch,https://x.com/golangch,"36,912",,,"
",https://altafino.com,,0,,,,,,,,,,,
1,0,1,0,@MarcusHouse,https://x.com/MarcusHouse,"208,728",,,service@spreadshirt.com,http://bit.ly/3xhCT8g,,0,,,,,,,,,,,
1,0,1,0,@Eyowhite3,https://x.com/Eyowhite3,"59,184",,,"
",https://afriqiq.app/,,0,,,,,,,,,,,
1,0,1,0,@devops_nk,https://x.com/devops_nk,"19,034",,,nkcollabs.in@gmail.com,https://bio.party/nandkishor,,0,,,,,,,,,,,
1,0,1,0,@XorDev,https://x.com/XorDev,"39,228",,,"
",http://FragCoord.xyz,,0,,,,,,,,,,,
1,0,1,0,@Arronwei3n,https://x.com/Arronwei3n,"6,488",,,"
",,,0,,,,,,,,,,,
1,0,1,0,@AntoineRSX,https://x.com/AntoineRSX,"45,267",,,"
",,,0,,,,,,,,,,,
1,0,1,0,@ishowcybersec,https://x.com/ishowcybersec,"3,764",,,"
",https://ishowcybersecurity.com,,0,,,,,,,,,,,
1,0,1,0,@rubenhassid,https://x.com/rubenhassid,"73,141",,,"
",http://substack.com/@ruben,,0,,,,,,,,,,,
1,0,1,0,@fromcodetocloud,https://x.com/fromcodetocloud,"11,936",,,"
",https://t.co/IgcJ0o6Rmu,,0,,,,,,,,,,,
1,1,1,0,@md_kasif_uddin,https://x.com/md_kasif_uddin,"4,405",X post: $50X thread: $75Quote repost / repost: $30,,mdkasifuddin123@gmail.com,https://github.com/MdKasif0,,1,收到回复,1,,,,,,,,,
1,0,1,0,@YaseenK7212,https://x.com/YaseenK7212,"21,787",,,"
",,,0,,,,,,,,,,,
1,0,1,0,@Sam_web4,https://x.com/Sam_web4,"57,604",,,"
",,,0,,,,,,,,,,,
1,0,1,0,@AdhamDannaway,https://x.com/AdhamDannaway,"68,527",,,"
",https://adhamdannaway.com,,0,,,,,,,,,,,
1,0,1,0,@mr_ferdiansah,https://x.com/mr_ferdiansah,"5,701",,,"
",,,0,,,,,,,,,,,
1,0,1,0,@kellyeld,https://x.com/kellyeld,"16,507",,,"
",https://linktr.ee/kellyboeschaiart,,0,,,,,,,,,,,
1,0,1,0,@catehall,https://x.com/catehall,"28,433",,,"
",https://shorturl.at/kOCpz,,0,,,,,,,,,,,
1,0,1,0,@BoringBiz_,https://x.com/BoringBiz_,"179,131",,,"
",,,0,,,,,,,,,,,
1,0,1,0,@EthanLipnik,https://x.com/EthanLipnik,"6,072",,,"
",http://ethanlipnik.com,,0,,,,,,,,,,,
1,0,1,0,@preshdkumar,https://x.com/preshdkumar,"8,131",,,"
",https://jointempo.app/,,0,,,,,,,,,,,
1,0,1,0,@boringmarketer,https://x.com/boringmarketer,"96,989",,,"
",http://thevibemarketer.com/skills,,0,,,,,,,,,,,
1,0,1,0,@Bhavani_00007,https://x.com/Bhavani_00007,"5,767",,,"
",http://lumina-reader.vercel.app,,0,,,,,,,,,,,
1,0,1,0,@TeslaSynopsis,https://x.com/TeslaSynopsis,"55,768",,,"
",,,0,,,,,,,,,,,
1,0,1,0,@byte721,https://x.com/byte721,"4,518",,,"
",,,0,,,,,,,,,,,
1,0,1,0,@aleabitoreddit,https://x.com/aleabitoreddit,"215,127",,,"
",,,0,,,,,,,,,,,
1,0,1,0,@jerrod_lew,https://x.com/jerrod_lew,"15,922",,,"
",https://jerrodlew.beehiiv.com/,,0,,,,,,,,,,,
1,0,1,0,@brycent,https://x.com/brycent,"217,885",,,hi@brycent.com,http://twitch.tv/brycent,,0,,,,,,,,,,,
1,0,1,0,@DeryaTR_,https://x.com/DeryaTR_,"338,919",,,"
",,,0,,,,,,,,,,,
1,0,1,0,@YuHelenYu,https://x.com/YuHelenYu,"60,126",,,jubao@lingying.com,https://www.linkedin.com/in/yuhelenyu/,,0,,,,,,,,,,,
1,0,1,0,@0xbeinginvested,https://x.com/0xbeinginvested,"5,629",,@beinginvested,"
",http://t.me/beinginvested,,0,,,,,,,,,,,
1,0,1,0,@MisbahSy,https://x.com/MisbahSy,"8,255",,,"
",http://brainycanvas.com,,0,,,,,,,,,,,
1,0,1,0,@SherryYanJiang,https://x.com/SherryYanJiang,"26,467",,,"
",http://peek.money,,0,,,,,,,,,,,
1,0,1,0,@RoboticCorey,https://x.com/RoboticCorey,"15,500",,,botofsmiles@gmail.com,https://linktr.ee/coreybeepington,,0,,,,,,,,,,,
1,0,1,0,@TeachTheMachine,https://x.com/TeachTheMachine,"74,937",,,"
",http://MachineLearningMastery.com,,0,,,,,,,,,,,
1,0,1,0,@boredGenius,https://x.com/boredGenius,"25,169",,,"
",https://zefram.xyz,,0,,,,,,,,,,,
1,0,1,0,@SalahGHamed,https://x.com/SalahGHamed,"208,700",,,user@domain.com,http://BashaMedia.me,,0,,,,,,,,,,,
1,0,1,0,@NehraWorkss,https://x.com/NehraWorkss,"3,665",,,"
",https://mandeepn.vercel.app,,0,,,,,,,,,,,
1,0,1,0,@yashhsm,https://x.com/yashhsm,"26,864",,,"
",https://www.sendai.fun/,,0,,,,,,,,,,,
1,0,1,0,@pbdesigntricks,https://x.com/pbdesigntricks,"27,882",,,"
",,,0,,,,,,,,,,,
1,0,1,0,@snwy_me,https://x.com/snwy_me,"14,873",,,"
",http://snwy.me,,0,,,,,,,,,,,
1,0,1,0,@simonkalouche,https://x.com/simonkalouche,"10,454",,,"
",http://nimble.ai,,0,,,,,,,,,,,
1,0,1,0,@OwenSparks,https://x.com/OwenSparks,"29,723",,,"
",,,0,,,,,,,,,,,
1,0,1,0,@robertskmiles,https://x.com/robertskmiles,"36,190",,,"
",http://robertskmiles.com,,0,,,,,,,,,,,
1,0,1,0,@m_saharia,https://x.com/m_saharia,"3,647",,,"
",https://hydrosense.iitd.ac.in/,,0,,,,,,,,,,,
1,0,1,0,@MentalistGirl,https://x.com/MentalistGirl,"5,706",,,"
",https://www.instagram.com/tuly_gamer,,0,,,,,,,,,,,
1,0,1,0,@benhaqueu1,https://x.com/benhaqueu1,"4,985",,,"
",,,0,,,,,,,,,,,
1,0,1,0,@dennisivy11,https://x.com/dennisivy11,"23,411",,,"
",http://start.dev,,0,,,,,,,,,,,
1,0,1,0,@KingBootoshi,https://x.com/KingBootoshi,"41,607",,,bootoshi@axia.agency,http://bootoshi.ai,,0,,,,,,,,,,,
1,0,1,0,@MindBranches,https://x.com/MindBranches,"159,165",,,impallari@gmail.com,https://teamonics.com/mindbranches,,0,,,,,,,,,,,
1,0,1,0,@DanielLockyer,https://x.com/DanielLockyer,"26,252",,,"
",https://daniellockyer.com,,0,,,,,,,,,,,
1,0,1,0,@sebbsssss,https://x.com/sebbsssss,"12,468",,,"
",https://clude.io,,0,,,,,,,,,,,
1,0,1,0,@planesanity,https://x.com/planesanity,"62,899",,,"
",http://youtube.com/@planesanity,,0,,,,,,,,,,,
1,0,1,0,@deathv1per,https://x.com/deathv1per,"4,769",,@deathv1per,"
",http://t.me/deathv1per,,0,,,,,,,,,,,
1,0,1,0,@notiiivy,https://x.com/notiiivy,"6,000",,,"
",http://oriorai.com,,0,,,,,,,,,,,
1,0,1,0,@recraftai,https://x.com/recraftai,"15,442",,,"
",http://go.recraft.ai/cook,,0,,,,,,,,,,,
1,0,1,0,@cartesia,https://x.com/cartesia,"13,398",,,"
",https://cartesia.ai,,0,,,,,,,,,,,
1,0,1,0,@ListenToGordon,https://x.com/ListenToGordon,"103,134",,,"
",https://www.javicarnicero.com/p/secretos-de-storytelling,,0,,,,,,,,,,,
1,0,1,0,@lablabai,https://x.com/lablabai,"25,640",,,"
",https://lablab.ai/event,,0,,,,,,,,,,,
1,0,1,0,@dpaleka,https://x.com/dpaleka,"4,568",,,danepale@gmail.com,https://danielpaleka.com,,0,,,,,,,,,,,
1,0,1,0,@dimelobito,https://x.com/dimelobito,"63,021",,@dimelobito@soylobito,"
",https://t.me/+3fUjeRsPUstiNDZh,,0,,,,,,,,,,,
1,0,1,0,@smyyguy,https://x.com/smyyguy,"21,422",,,"
",http://blockworks.com,,0,,,,,,,,,,,
1,0,1,0,@signulll,https://x.com/signulll,"186,034",,,"
",http://signull.substack.com,,0,,,,,,,,,,,
1,0,1,0,@yaroslavvb,https://x.com/yaroslavvb,"10,932",,,"
",https://yaroslavvb.substack.com/,,0,,,,,,,,,,,
1,0,1,0,@_SEAL_Org,https://x.com/_SEAL_Org,"20,216",,@seal_911_bot,sos@securityalliance.org,https://securityalliance.org/sos,,0,,,,,,,,,,,
1,0,1,0,@JustAnotherPM,https://x.com/JustAnotherPM,"28,780",,,"
",https://www.justanotherpm.com/,,0,,,,,,,,,,,
1,0,1,0,@miroburn,https://x.com/miroburn,"29,438",,,mirek@aibizneslab.pl,https://labclub.ai/,,0,,,,,,,,,,,
1,0,1,0,@togethercompute,https://x.com/togethercompute,"54,481",,,"
",http://together.ai,,0,,,,,,,,,,,
1,0,1,0,@SuiNetwork_VN,https://x.com/SuiNetwork_VN,"11,674",,@Sui_Blockchain_Vietnamese@Sui_Foundation_News_VN,"
",https://t.me/Sui_Blockchain_Vietnamese,,0,,,,,,,,,,,
1,0,1,0,@_chenglou,https://x.com/_chenglou,"67,845",,,"
",https://chenglou.me,,0,,,,,,,,,,,
1,0,1,0,@LittleTinRobot,https://x.com/LittleTinRobot,"7,400",,,"
",https://youtube.com/@zootzoots-ks9wx?si=lziaQIxh-5NZ8kXd,,0,,,,,,,,,,,
1,0,1,0,@Barca_Muse,https://x.com/Barca_Muse,"9,246",,,barca.musee@gmail.com,https://www.statmuse.com/fc,,0,,,,,,,,,,,
1,0,1,0,@tranmautritam,https://x.com/tranmautritam,"28,850",,,"
",http://Pixlo.me,,0,,,,,,,,,,,
1,0,1,0,@dev_maims,https://x.com/dev_maims,"51,547",,,"
",https://www.instagram.com/maimoon_isah?igsh=MXVqOTVsYmJnNzY3aw==,,0,,,,,,,,,,,
1,0,1,0,@ciguleva,https://x.com/ciguleva,"101,667",,,"dm.ciguleva@gmail.com
your@email.com
user@email.com",http://mjpro.ai,,0,,,,,,,,,,,
1,0,1,0,@nikshepsvn,https://x.com/nikshepsvn,"6,508",,,nikshepsvn@gmail.com,http://nikshepsvn.com,,0,,,,,,,,,,,
1,0,1,0,@zacxbt,https://x.com/zacxbt,"51,837",,,"
",,,0,,,,,,,,,,,
1,0,1,0,@DeFiDecoder_,https://x.com/DeFiDecoder_,"19,047",,@Channel,"
",http://t.me/DecoderGemHunters,,0,,,,,,,,,,,
1,0,1,0,@TrustlessState,https://x.com/TrustlessState,"251,804",,,"
",http://bankless.com,,0,,,,,,,,,,,
1,0,1,0,@NetworkChuck,https://x.com/NetworkChuck,"248,116",,,chuck@networkchuck.com,http://ntck.co/More,,0,,,,,,,,,,,
1,0,1,0,@nawdir001,https://x.com/nawdir001,"3,494",,,"
",,,0,,,,,,,,,,,
1,0,1,0,@ebiyik_,https://x.com/ebiyik_,"3,005",,,biyik@usc.edu,https://ebiyik.github.io,,0,,,,,,,,,,,
1,0,1,0,@WisemanCap,https://x.com/WisemanCap,"112,170",,,"
",https://wisemanc.substack.com,,0,,,,,,,,,,,
1,0,1,0,@NitinthisSide_,https://x.com/NitinthisSide_,"7,108",,,"
",https://formsinsightai.vercel.app,,0,,,,,,,,,,,
1,0,1,0,@herooffjustice,https://x.com/herooffjustice,"5,814",,,heroofjusticemail@gmail.com,https://herooffjustice.github.io/PhilXML/,,0,,,,,,,,,,,
1,0,1,0,@tdinh_me,https://x.com/tdinh_me,"183,305",,,"
",http://typingmind.com,,0,,,,,,,,,,,
1,0,1,0,@PrasoonPratham,https://x.com/PrasoonPratham,"158,446",,,"
",https://prathamprasoon.com,,0,,,,,,,,,,,
1,0,1,0,@HarryTandy,https://x.com/HarryTandy,"23,264",,@HarryTandyChat@HarryTandy@harrytandy_official,"
",http://t.me/HarryTandy,,0,,,,,,,,,,,
1,0,1,0,@badcrack3r,https://x.com/badcrack3r,"7,975",,,"
",http://hackerone.com/badcracker,,0,,,,,,,,,,,
1,0,1,0,@RhysSullivan,https://x.com/RhysSullivan,"54,436",,,_@astro.dkozdplq.css,http://executor.sh,,0,,,,,,,,,,,
1,0,1,0,@Shawnn_moon,https://x.com/Shawnn_moon,"3,768",,,"
",,,0,,,,,,,,,,,
1,0,1,0,@monad_eco,https://x.com/monad_eco,"130,342",,@monatradebot,"
",http://app.monad.xyz,,0,,,,,,,,,,,
1,0,1,0,@traversymedia,https://x.com/traversymedia,"358,977",,,"
",http://traversymedia.com,,0,,,,,,,,,,,
1,0,1,0,@SolanaFloor,https://x.com/SolanaFloor,"129,245",,,"
",https://solanafloor.com,,0,,,,,,,,,,,
1,0,1,0,@akaclandestine,https://x.com/akaclandestine,"57,592",,,"
",,,0,,,,,,,,,,,
1,0,1,0,@LAHXLLUClNATlON,https://x.com/LAHXLLUClNATlON,"32,199",,,leondog75@gmail.com,,,1,收到回复,,看了一眼这个人profile全是发Taylor swift的，可能不太合适,,,,,,,,
1,0,1,0,@F1BigData,https://x.com/F1BigData,"65,183",,,pablomgom2308@gmail.com,https://bigdataf1.com,,0,,,,,,,,,,,
1,0,1,0,@oct_gems,https://x.com/oct_gems,"12,033",,@ourcryptotalk,"
",https://ourcryptotalk.com/,,0,,,,,,,,,,,
1,0,1,0,@nalinrajput23,https://x.com/nalinrajput23,"7,567",,,"
",,,0,,,,,,,,,,,
1,0,1,0,@manthanguptaa,https://x.com/manthanguptaa,"21,965",,,guptaamanthan01@gmail.com,http://manthanguptaa.in/,,0,,,,,,,,,,,
1,0,1,0,@coryaslan,https://x.com/coryaslan,"6,331",,,"
",,,0,,,,,,,,,,,
1,0,1,0,@justbyte_,https://x.com/justbyte_,"7,653",,,"
",,,0,,,,,,,,,,,
1,0,1,0,@suni_code,https://x.com/suni_code,"8,582",,,"
",,,0,,,,,,,,,,,
1,0,1,0,@aadilpickle,https://x.com/aadilpickle,"5,671",,,"
",http://aadillpickle.com,,0,,,,,,,,,,,
1,0,1,0,@juliewdesign_,https://x.com/juliewdesign_,"38,336",,,"
",http://neon.page/juliewieland,,0,,,,,,,,,,,
1,0,1,0,@Python_Dv,https://x.com/Python_Dv,"179,484",,,"
",,,0,,,,,,,,,,,
1,0,1,0,@slye,https://x.com/slye,"42,094",,,andy@andyslye.com,http://YouTube.com/@ASlye,,0,,,,,,,,,,,
1,0,1,0,@0xMovez,https://x.com/0xMovez,"18,019",,,"
",https://substack.com/@0xmovez,,0,,,,,,,,,,,
1,0,1,0,@ThatToyGuy101,https://x.com/ThatToyGuy101,"13,421",,,"
",http://youtube.com/thattoyguy,,0,,,,,,,,,,,
1,0,1,0,@abdullah4204k,https://x.com/abdullah4204k,"3,162",,,"
",https://addxstudio.com/motion-graphics?utm_source=X,,0,,,,,,,,,,,
1,0,1,0,@masha_vy,https://x.com/masha_vy,"3,672",,,v@newfiction.co,http://newfiction.co,,0,,,,,,,,,,,
1,0,1,0,@Mihonarium,https://x.com/Mihonarium,"4,439",,,"
",http://aisgf.us,,0,,,,,,,,,,,
1,0,1,0,@volcaholic1,https://x.com/volcaholic1,"201,438",,,"
",http://ko-fi.com/volcaholic,,0,,,,,,,,,,,
1,0,1,0,@Animated_Antic,https://x.com/Animated_Antic,"55,566",,,"u003eguidelines@patreon.com
no-reply@patreon.com
u003emerch@patreon.com",http://patreon.com/AnimatedAntic,,0,,,,,,,,,,,
1,0,1,0,@ekinoks_26,https://x.com/ekinoks_26,"7,292",,,"
",,,0,,,,,,,,,,,
1,0,1,0,@deanwball,https://x.com/deanwball,"38,862",,,"
",https://hyperdimensional.co,,0,,,,,,,,,,,
1,1,1,0,@nikkifrommia,https://x.com/nikkifrommia,"3,608","for a dedicated video is $2,000",,collab@nikkifrommiami.com,https://beacons.ai/NikkiFromMiami,,1,收到回复,1,,,,,,,,,
1,0,1,0,@geohotarchive,https://x.com/geohotarchive,"7,884",,,commaaiarchive@protonmail.com,http://youtube.com/georgehotzarchive,,0,,,,,,,,,,,
1,0,1,0,@dang_duytan,https://x.com/dang_duytan,"14,582",,,"
",,,0,,,,,,,,,,,
1,0,1,0,@cline,https://x.com/cline,"60,228",,,you@company.com,http://cline.bot,,0,,,,,,,,,,,
1,0,1,0,@ann_nnng,https://x.com/ann_nnng,"7,297",,,"
",http://typingmind.com,,0,,,,,,,,,,,
1,0,1,0,@Beth_Kindig,https://x.com/Beth_Kindig,"175,392",,,"
",https://io-fund.com/free-stock-analysis?utm_source=twitter,,0,,,,,,,,,,,
1,0,1,0,@philhchen,https://x.com/philhchen,"8,288",,,"
",,,0,,,,,,,,,,,
1,0,1,0,@Arcium,https://x.com/Arcium,"116,635",,,"
",http://arcium.com,,0,,,,,,,,,,,
1,0,1,0,@akshaybd,https://x.com/akshaybd,"49,086",,,"
",,,0,,,,,,,,,,,
1,1,1,0,@marilyn100x,https://x.com/marilyn100x,"10,504",$150/post for 4 or more posts per month$200/post For onetime single postsQuote/RT: $150,@marilyncryptic,"
",,,1,收到回复,1,tg,,,,,,,,
1,0,1,0,@reachvaldo,https://x.com/reachvaldo,"51,823",,,"
",https://giveawaycreatornetwork.com/,,0,,,,,,,,,,,
1,0,1,0,@VictorTaelin,https://x.com/VictorTaelin,"70,461",,,taelin@higherorderco.com,https://github.com/VictorTaelin,,0,,,,,,,,,,,
1,0,1,0,@clipmateee,https://x.com/clipmateee,"8,198",,,"
",https://linktr.ee/clipmateee,,0,,,,,,,,,,,
1,0,1,0,@VictoriaLinML,https://x.com/VictoriaLinML,"3,918",,,victoriaxlin.ai@gmail.com,https://victorialin.org,,0,,,,,,,,,,,
1,0,1,0,@CryptoBusy,https://x.com/CryptoBusy,"186,197",,,"
",,,0,,,,,,,,,,,
1,0,1,0,@GiFShitpost,https://x.com/GiFShitpost,"128,183",,,"
",https://www.instagram.com/gifshitpost?igsh=ZTNmNzF4Z3NtbXVr&utm_source=qr,,0,,,,,,,,,,,
1,0,1,0,@alexgroberman,https://x.com/alexgroberman,"20,246",,,info@alexgrobermanlabs.com,https://seo-stuff.com,,0,,,,,,,,,,,
1,0,1,0,@pyquantnews,https://x.com/pyquantnews,"162,435",,,"
",https://links.pyquantnews.com/videos,,0,,,,,,,,,,,
1,0,1,0,@sanlsrni,https://x.com/sanlsrni,"7,103",,,"
",http://appliedmimetics.com,,0,,,,,,,,,,,
1,0,1,0,@aidan_mclau,https://x.com/aidan_mclau,"46,822",,,"
",http://aidanmclaughlin.notion.site,,0,,,,,,,,,,,
1,0,1,0,@Defi_Warhol,https://x.com/Defi_Warhol,"44,192",,,"
",,,0,,,,,,,,,,,
1,0,1,0,@HeyZaraKhan,https://x.com/HeyZaraKhan,"57,564",,,"
",,,0,,,,,,,,,,,
1,0,1,0,@Rahul_J_Mathur,https://x.com/Rahul_J_Mathur,"114,370",,,"
",https://rahulmathur.notion.site/website,,0,,,,,,,,,,,
1,0,1,0,@Defi_Zee,https://x.com/Defi_Zee,"6,560",,,"
",,,0,,,,,,,,,,,
1,0,1,0,@cmsholdings,https://x.com/cmsholdings,"173,759",,,"
",http://cmsholdings.io,,0,,,,,,,,,,,
1,0,1,0,@1littlecoder,https://x.com/1littlecoder,"21,977",,,"
",https://www.youtube.com/c/1littlecoder,,0,,,,,,,,,,,
1,0,1,0,@ankitkr0,https://x.com/ankitkr0,"48,757",,,"
",http://ankitkr0.com,,0,,,,,,,,,,,
1,0,1,0,@TFTC21,https://x.com/TFTC21,"107,568",,,marty@tftc.io,http://tftc.io/links,,0,,,,,,,,,,,
1,0,1,0,@Shpigford,https://x.com/Shpigford,"63,522",,,"
",http://initialcommit.co,,0,,,,,,,,,,,
1,1,1,0,"@GesoraMeshack
",https://x.com/GesoraMeshack,,Quote reposts: $80• Dedicated posts: $150• Threads/video content: custom depending on deliverables from $200,@GesoraMeshack,OrikanIdris@gmail.com,,C & C,0,,1,,,,,,,,,
1,0,1,0,@axisrobotics,https://x.com/axisrobotics,"12,361",,@axisroboticsindia@axisroboticskr@axisroboticskor,"
",https://linktr.ee/axisrobotics,,0,,,,,,,,,,,
1,0,1,0,@john322226,https://x.com/john322226,"251,204",,,"
",,,0,,,,,,,,,,,
1,0,1,0,@deg_ape,https://x.com/deg_ape,"84,177",,@Deg_ape_G@Deg_Ape_OG,"
",https://t.me/+yhIiqtX1iyVlN2Uy,,0,,,,,,,,,,,
1,0,1,0,@0x_Abdul,https://x.com/0x_Abdul,"18,184",,,"
",,,0,,,,,,,,,,,
1,0,1,0,@nic_carter,https://x.com/nic_carter,"474,894",,,"
",http://murmurationstwo.substack.com,,0,,,,,,,,,,,
1,0,1,0,@r0ck3t23,https://x.com/r0ck3t23,"28,905",,,"
",,,0,,,,,,,,,,,
1,0,1,0,@FrankEra_,https://x.com/FrankEra_,"308,142",,,"
",,,0,,,,,,,,,,,
1,0,1,0,@0xlelouch_,https://x.com/0xlelouch_,"22,393",,,"
",https://www.indiehash.com/marketplace/agt_28974b,,0,,,,,,,,,,,
1,0,1,0,@Tech_girlll,https://x.com/Tech_girlll,"11,602",,,"
",https://medium.com/@Tech_girlll/,,0,,,,,,,,,,,
1,0,1,0,@Akasheth_,https://x.com/Akasheth_,"6,113",,,"
",,,0,,,,,,,,,,,
1,0,1,0,@KlausCodes,https://x.com/KlausCodes,"14,065",,,satyam99820@gmail.com,https://satyam.codes,,0,,,,,,,,,,,
1,0,1,0,@nidhisinghattri,https://x.com/nidhisinghattri,"4,576",,,"
",https://youtube.com/@nidhisinghattri?sub_confirmation=1,,0,,,,,,,,,,,
1,0,1,0,@anujcodes_21,https://x.com/anujcodes_21,"6,047",,,anujjangra536@gmail.com,https://www.linkedin.com/in/anujcodes21,,0,,,,,,,,,,,
1,0,1,0,@details_with_ai,https://x.com/details_with_ai,"74,745",,,arnillhasan738@gmail.com,https://www.ramofai.com/subscribe,,0,,,,,,,,,,,
1,0,1,0,@ania_kubow,https://x.com/ania_kubow,"93,744",,,"
",http://youtube.com/aniakubow,,0,,,,,,,,,,,
1,0,1,0,@VraserX,https://x.com/VraserX,"21,258",,,"
",https://substack.com/@vraserx?r=62vagp&utm_medium=ios,,0,,,,,,,,,,,
1,0,1,0,@MadMagicSOL,https://x.com/MadMagicSOL,"10,105",,,"
",,,0,,,,,,,,,,,
1,0,1,0,@ctatedev,https://x.com/ctatedev,"50,525",,,"
",http://agent-browser.dev,,0,,,,,,,,,,,
1,0,1,0,@Greencandleit,https://x.com/Greencandleit,"14,583",,,"
",https://youtube.com/@greencandle?si=J_RBDx4Tx3tydMQ9,,0,,,,,,,,,,,
1,0,1,0,@generospoty,https://x.com/generospoty,"26,930",,,"
",https://open.spotify.com/playlist/6IOwVT5ZCpfZ4X2yuZg0dP?si=TSF8akqOQgCmnmbGW5j1nw&pi=Mwx2xNlhRvO3-,,0,,,,,,,,,,,
1,0,1,0,@HateradeCon,https://x.com/HateradeCon,"31,417",,,"
",,,0,,,,,,,,,,,
1,0,1,0,@chartsafrica,https://x.com/chartsafrica,"292,882",,,"
",https://m.youtube.com/c/ChartsAfricaCA?fbclid=PARlRTSAMewrVleHRuA2FlbQIxMQABp9MGaFokG9eYZfwNVObzGWLR,,0,,,,,,,,,,,
1,0,1,0,@GUJJUIIXI,https://x.com/GUJJUIIXI,"6,157",,,"
",,,0,,,,,,,,,,,
1,0,1,0,@sourfraser,https://x.com/sourfraser,"34,343",,,"hi@fraggellproductions.com
hi@fraggell.com",http://fraggell.pro/kY0zXn,,0,,,,,,,,,,,
1,0,1,0,@aditichoprax,https://x.com/aditichoprax,"11,139",,,"
",https://instagram.com/aditichoprax,,0,,,,,,,,,,,
1,0,1,0,@adocomplete,https://x.com/adocomplete,"30,648",,,"
",https://adocomplete.com,,0,,,,,,,,,,,
1,0,1,0,@godofprompt,https://x.com/godofprompt,"260,370",,,"
",,,0,,,,,,,,,,,
1,0,1,0,@TheRealAdamG,https://x.com/TheRealAdamG,"34,257",,,"
",,,0,,,,,,,,,,,
1,0,1,0,@_arohan_,https://x.com/_arohan_,"40,987",,,"
",,,0,,,,,,,,,,,
1,0,1,0,@SEOKeval,https://x.com/SEOKeval,"58,839",,,"
",https://tinyurl.com/5dz5c727,,0,,,,,,,,,,,
1,0,1,0,@Guodzh,https://x.com/Guodzh,"36,604",,,"
",,,0,,,,,,,,,,,
1,0,1,0,@Axel_bitblaze69,https://x.com/Axel_bitblaze69,"128,090",,@Axelbitblaze,"
",https://t.me/Alpha_Updates,,0,,,,,,,,,,,
1,0,1,0,@developedbyed,https://x.com/developedbyed,"71,182",,,"
",https://asciigen.art,,0,,,,,,,,,,,
1,0,1,0,@mtvmald,https://x.com/mtvmald,"6,049",,,"
",,,0,,,,,,,,,,,
1,0,1,0,@tydsh,https://x.com/tydsh,"41,795",,,"yuandong@recursive.com
yuandong.tian@gmail.com",http://yuandong-tian.com,,0,,,,,,,,,,,
1,0,1,0,@celestineia,https://x.com/celestineia,"12,554",,,"
",https://remilia.com/~celestineia,,0,,,,,,,,,,,
1,0,1,0,@jimkwik,https://x.com/jimkwik,"378,799",,,"
",https://linktr.ee/kwiklearning,,0,,,,,,,,,,,
1,0,1,0,@the_X_vids,https://x.com/the_X_vids,"3,513",,,"
",,,0,,,,,,,,,,,
1,0,1,0,@pikacodes,https://x.com/pikacodes,"94,758",,,"
",http://pikacodes.io,,0,,,,,,,,,,,
1,0,1,0,@aisearchio,https://x.com/aisearchio,"14,228",,,"
",https://youtube.com/@theAIsearch,,0,,,,,,,,,,,
1,0,1,0,@glindaupland,https://x.com/glindaupland,"111,819",,,"
",,,0,,,,,,,,,,,
1,0,1,0,@AnjneyMidha,https://x.com/AnjneyMidha,"43,007",,,"
",http://amppublic.com,,0,,,,,,,,,,,
1,0,1,0,@Alainbosss,https://x.com/Alainbosss,"5,433",,,contactoalainboss@gmail.com,https://www.twitch.tv/alain,,0,,,,,,,,,,,
1,0,1,0,@barcareportx,https://x.com/barcareportx,"82,743",,,"
",,,0,,,,,,,,,,,
1,0,1,0,@Osmbproduction,https://x.com/Osmbproduction,"4,839",,,"
",https://obeditor.com,,0,,,,,,,,,,,
1,0,1,0,@jjuulliiaallii,https://x.com/jjuulliiaallii,"7,610",,,jubao@lingying.com,https://www.linkedin.com/in/juliajiaqili,,0,,,,,,,,,,,
1,0,1,0,@SokeyeA,https://x.com/SokeyeA,"10,670",,,"
",https://afolabisokeye.vzy.io,,0,,,,,,,,,,,
1,0,1,0,@DominiqueCAPaul,https://x.com/DominiqueCAPaul,"5,669",,,"
",https://thisiscrispin.substack.com,,0,,,,,,,,,,,
1,0,1,0,@alexabelonix,https://x.com/alexabelonix,"19,048",,,"
",https://www.instagram.com/alexabelonix/,,0,,,,,,,,,,,
1,0,1,0,@shub0414,https://x.com/shub0414,"3,569",,,shubontwitter@gmail.com,,,0,,,,,,,,,,,
1,0,1,0,@MarcelVelica,https://x.com/MarcelVelica,"15,316",,,jubao@lingying.com,https://www.linkedin.com/in/marcelvelica,,0,,,,,,,,,,,
1,0,1,0,@Flowslikeosmo,https://x.com/Flowslikeosmo,"91,350",,@EmperorsAlfalfa,"
",https://t.me/EmperorsAlfalfa,,0,,,,,,,,,,,
1,0,1,0,@delveroin,https://x.com/delveroin,"12,464",,,"
",https://www.behance.net/omadevuae,,0,,,,,,,,,,,
1,0,1,0,@iam_smx,https://x.com/iam_smx,"172,000",,,"
",,,0,,,,,,,,,,,
1,0,1,0,@sairahul1,https://x.com/sairahul1,"93,944",,,"
",http://nichetraffickit.com,,0,,,,,,,,,,,
1,1,1,0,@Div_pradeep,https://x.com/Div_pradeep,"66,491","- Dedicated Sponsored Post: $300
- Dedicated Thread:*$500",,Pandeybiz13@gmail.com,http://joinaiinsights.com/subscribe,,0,,,,,,,,,,,
1,0,1,0,@CryptoKing_2020,https://x.com/CryptoKing_2020,"101,340",,@kingrider_2,"
",http://t.me/kingrider_2,,0,,,,,,,,,,,
1,0,1,0,@ConnorEverland,https://x.com/ConnorEverland,"9,525",,,"
",,,0,,,,,,,,,,,
1,0,1,0,@jeffnfa,https://x.com/jeffnfa,"44,876",,,"
",https://t.co/5zHgyH1drs,,0,,,,,,,,,,,
1,0,1,0,@GeekyVaishnavi,https://x.com/GeekyVaishnavi,"8,295",,,"
",https://github.com/geekyvaishnavi,,0,,,,,,,,,,,
1,0,1,0,@_philschmid,https://x.com/_philschmid,"71,580",,,schmidphilipp1995@gmail.com,https://www.philschmid.de,,0,,,,,,,,,,,
1,0,1,0,@PVT_Paraverse,https://x.com/PVT_Paraverse,"10,243",,,"
",https://www.paraverse.cc/,,0,,,,,,,,,,,
1,0,1,0,@stevibe,https://x.com/stevibe,"20,729",,,"
",http://stevibe.ai,,0,,,,,,,,,,,
1,0,1,0,@xalertnow,https://x.com/xalertnow,"102,333",,,"
",,,0,,,,,,,,,,,
1,0,1,0,@thorstenball,https://x.com/thorstenball,"46,560",,,"
",http://interpreterbook.com,,0,,,,,,,,,,,
1,0,1,0,@KingTargaryenn,https://x.com/KingTargaryenn,"224,257",,,Joakingtargaryen@gmail.com,https://www.instagram.com/joaking_targaryen?igsh=bndzb2UxdTR3d3Bm&utm_source=qr,,0,,,,,,,,,,,
1,0,1,0,@juliasteinberg,https://x.com/juliasteinberg,"8,173",,,books@arenamag.com,http://arenamag.com/silicon,,0,,,,,,,,,,,
1,1,1,0,@shmidtqq,https://x.com/shmidtqq,"4,130",post/qt $60rt $50,@shmidtqq,,,,1,收到回复,1,,,,,,,,,
1,0,1,0,@leopardracer,https://x.com/leopardracer,"3,922",,@IVG04,leopar9racer@gmail.com,https://linktr.ee/leopardracer,,0,,,,,,,,,,,
1,0,1,0,@Elyoya_LoL,https://x.com/Elyoya_LoL,"150,764",,,Elyoya@proxy.gg,https://www.instagram.com/elyoyalol/,,0,,,,,,,,,,,
1,0,1,0,@NostalgiaYZ,https://x.com/NostalgiaYZ,"28,114",,,"
",,,0,,,,,,,,,,,
1,0,1,0,@creebeauvoir,https://x.com/creebeauvoir,"5,113",,,"
",,,0,,,,,,,,,,,
1,0,1,0,@noahkagan,https://x.com/noahkagan,"173,083",,,hola@okdork.com,http://noahkagan.com,,0,,,,,,,,,,,
1,0,1,0,@andyreed,https://x.com/andyreed,"20,047",,,"
",https://andykreed.com,,0,,,,,,,,,,,
1,0,1,0,@TECHINFOSOCIALS,https://x.com/TECHINFOSOCIALS,"9,091",,,"
",,,0,,,,,,,,,,,
1,0,1,0,@enunomaduro,https://x.com/enunomaduro,"65,327",,,"
",https://youtube.com/@nunomaduro,,0,,,,,,,,,,,
1,0,1,0,@Maxy_aura,https://x.com/Maxy_aura,"4,676",,,"
",,,0,,,,,,,,,,,
1,0,1,0,@chrollosoll,https://x.com/chrollosoll,"22,654",,,"
",,,0,,,,,,,,,,,
1,0,1,0,@marcba,https://x.com/marcba,"54,036",,,marc@vue.land,https://marc.dev,,0,,,,,,,,,,,
1,0,1,0,@RiusPlay,https://x.com/RiusPlay,"225,473",,,contactoriusplayyt@gmail.com,,,0,,,,,,,,,,,
1,1,1,0,@Diana_Osire,https://x.com/Diana_Osire,,• Quote Repost (QRT) – $100• Single Post – $150• Post + Short Video – $180• Thread Post – $200• Bundle Packages – Custom Pricing,@Diana_Osire,bosirediana03@gmail.com,https://www.passionfroot.me/diana-osire,C & C,0,,,,,,,,,,,
1,0,1,0,@chatgpt21,https://x.com/chatgpt21,"39,572",,,"
",,,0,,,,,,,,,,,
1,0,1,0,@asmah2107,https://x.com/asmah2107,"35,305",,,"
",https://www.youtube.com/@ashutoshmaheshwari,,0,,,,,,,,,,,
1,0,1,0,@Siron93,https://x.com/Siron93,"9,934",,,"
",https://screensdesign.com/,,0,,,,,,,,,,,
1,0,1,0,@AVFC_Connor_,https://x.com/AVFC_Connor_,"30,586",,,"
",,,0,,,,,,,,,,,
1,0,1,0,@feral_feed,https://x.com/feral_feed,"12,447",,,"
",,,0,,,,,,,,,,,
1,0,1,0,@AnonVee_,https://x.com/AnonVee_,"53,053",,,"
",,,0,,,,,,,,,,,
1,0,1,0,@dimadamen,https://x.com/dimadamen,"10,900",,,summer@mavi.html,http://dimadamen.github.io,,0,,,,,,,,,,,
1,0,1,0,@megam4x,https://x.com/megam4x,"42,792",,,megamaxcontacto@gmail.com,http://kick.com/megamax,,0,,,,,,,,,,,
1,0,1,0,@DavidLeavitt,https://x.com/DavidLeavitt,"380,618",,,DavidLeavitt@gmail.com,https://linktr.ee/david_leavitt,,0,,,,,,,,,,,
1,0,1,0,@the_smart_ape,https://x.com/the_smart_ape,"69,573",,,"
",https://apeintelligence.beehiiv.com/,,0,,,,,,,,,,,
1,0,1,0,@SterlingTheDev,https://x.com/SterlingTheDev,"4,875",,,sterlinglavigne@gmail.com,https://sterlingthedeveloper.com/,,0,,,,,,,,,,,
1,0,1,0,@IdaraAkpabio882,https://x.com/IdaraAkpabio882,"6,244",,@Idaraakpabio882@PrismaXai@MagnetXDao,"
",https://t.me/Idaraakpabio882,,0,,,,,,,,,,,
1,0,1,0,@Craftmonster3,https://x.com/Craftmonster3,"11,163",,,"
",,,0,,,,,,,,,,,
1,0,1,0,@DholakiaJaydeep,https://x.com/DholakiaJaydeep,"5,078",,@jaydeepdholakia,"
",https://docs.google.com/document/d/17BF4NFScXizZFJ-BPiPLQ4LuzbvD0c_FauO2qzUgfYo/edit?usp=sharing,,0,,,,,,,,,,,
1,0,1,0,@grundstromleo,https://x.com/grundstromleo,"34,830",,,"
",https://go.facelesslaunchpad.com/freecommunity,,0,,,,,,,,,,,
1,0,1,0,@waitin4agi_,https://x.com/waitin4agi_,"261,176",,,"
",,,0,,,,,,,,,,,
1,0,1,0,@0xCan24,https://x.com/0xCan24,"20,715",,@Can24CM,"
",http://t.me/Can24CM,,0,,,,,,,,,,,
1,0,1,0,@pawnie_,https://x.com/pawnie_,"12,013",,@pawnie_alpha@Pawnie1,"
",https://www.w3match.com/u/pawnie_,,0,,,,,,,,,,,
1,0,1,0,@cv_alphas,https://x.com/cv_alphas,"16,786",,@Channel@bangnhi1206,"
",http://t.me/cryptovuive,,0,,,,,,,,,,,
1,0,1,0,@0xndra,https://x.com/0xndra,"8,428",,,"
",,,0,,,,,,,,,,,
1,0,1,0,@mayazi,https://x.com/mayazi,"16,152",,,"
",,,0,,,,,,,,,,,
1,1,1,0,@Leon_Defi,https://x.com/Leon_Defi,"7,500",$200; $250; $500; $1500; $1200,@https,,http://t.me/LeonETHMaxi,,0,收到回复,,,,,,,,,,
1,0,1,0,@UTDMarcel,https://x.com/UTDMarcel,"25,450",,,"
",,,0,,,,,,,,,,,
1,0,1,0,@nonieengel,https://x.com/nonieengel,"5,445",,,"
",http://theprompters.substack.com,,0,,,,,,,,,,,
1,0,1,0,@IAmAaronWill,https://x.com/IAmAaronWill,"285,209",,,"
",http://aaronwill.com,,0,,,,,,,,,,,
1,0,1,0,@fabian_theis,https://x.com/fabian_theis,"37,045",,,fabian.theis@helmholtz-munich.de,https://www.helmholtz-munich.de/en/icb/pi/fabian-theis,,0,,,,,,,,,,,
1,0,1,0,@Kara_Creates,https://x.com/Kara_Creates,"20,180",,,kara@karacreates.net,https://bio.site/karalynne,,0,,,,,,,,,,,
1,0,1,0,@jiayi_pirate,https://x.com/jiayi_pirate,"14,429",,,jiayipan@berkeley.edu,http://www.jiayipan.com,,0,,,,,,,,,,,
1,0,1,0,@ChrisGwinnLA,https://x.com/ChrisGwinnLA,"5,234",,,"
",https://linktr.ee/grindhouseglitch,,0,,,,,,,,,,,
1,0,1,0,@OldMonkOfCric,https://x.com/OldMonkOfCric,"10,864",,,"
",,,0,,,,,,,,,,,
1,0,1,0,@Abba__80,https://x.com/Abba__80,"23,166",,,"
",,,0,,,,,,,,,,,
1,0,1,0,@illscience,https://x.com/illscience,"28,677",,,"
",https://gamma.app/public/a16z-Consumer-Abundance-Agenda-ieotbnzbxj81biu?mode=doc,,0,,,,,,,,,,,
1,0,1,0,@willmcgugan,https://x.com/willmcgugan,"40,312",,,willmcgugan@mastodon.social,http://willmcgugan.github.io/,,0,,,,,,,,,,,
1,0,1,0,@Klausfigu,https://x.com/Klausfigu,"4,841",,,"
",,,0,,,,,,,,,,,
1,0,1,0,@readswithravi,https://x.com/readswithravi,"501,410",,,"
",https://readswithravi.beehiiv.com/subscribe,,0,,,,,,,,,,,
1,0,1,0,@e_opore,https://x.com/e_opore,"63,443",,,"
",https://t.co/g835vCPNQA,,0,,,,,,,,,,,
1,0,1,0,@Glitchymagic,https://x.com/Glitchymagic,"30,876",,,"
",https://github.com/glitchymagic,,0,,,,,,,,,,,
1,0,1,0,@shrutibalasa,https://x.com/shrutibalasa,"33,723",,,"
",https://youtube.com/Thirus,,0,,,,,,,,,,,
1,0,1,0,@thepatwalls,https://x.com/thepatwalls,"138,621",,,your@email.com,http://starterstory.com,,0,,,,,,,,,,,
1,0,1,0,@ns123abc,https://x.com/ns123abc,"60,282",,,"
",https://grokipedia.com/page/ns123abc,,0,,,,,,,,,,,
1,0,1,0,@julianibarz,https://x.com/julianibarz,"40,103",,,jubao@lingying.com,https://www.linkedin.com/in/julianibarz/,,0,,,,,,,,,,,
1,0,1,0,@andrewtalksdefi,https://x.com/andrewtalksdefi,"100,736",,@multiplieraddicts,"
",https://t.me/multiplieraddicts,,0,,,,,,,,,,,
1,0,1,0,@funkentechno,https://x.com/funkentechno,"12,625",,,"
",https://www.mixcloud.com/OptimisticUnderground/,,0,,,,,,,,,,,
1,0,1,0,@lorden_eth,https://x.com/lorden_eth,"7,748",,,"
",,,0,,,,,,,,,,,
1,0,1,0,@ConnyConny253,https://x.com/ConnyConny253,"11,023",,,"
",,,0,,,,,,,,,,,
1,0,1,0,@techsaleshackz,https://x.com/techsaleshackz,"7,018",,,"
",,,0,,,,,,,,,,,
1,0,1,0,@tslaming,https://x.com/tslaming,"24,303",,,"
",https://buymeacoffee.com/tslaming,,0,,,,,,,,,,,
1,0,1,0,@jabosiswanto94,https://x.com/jabosiswanto94,"6,432",,@jabo94,"
",http://t.me/jabo94,,0,,,,,,,,,,,
1,0,1,0,@DevByLakshya,https://x.com/DevByLakshya,"14,764",,,"
",,,0,,,,,,,,,,,
1,0,1,0,@nickfloats,https://x.com/nickfloats,"174,930",,,"
",https://t.co/ltoHbe3iD9,,0,,,,,,,,,,,
1,0,1,0,@josedonato__,https://x.com/josedonato__,"9,589",,@josedonato@cryexc_alerts,"
",http://josedonato.com,,0,,,,,,,,,,,
1,0,1,0,@TheSonOfWalkley,https://x.com/TheSonOfWalkley,"52,595",,,"
",,,0,,,,,,,,,,,
1,0,1,0,@philipharts,https://x.com/philipharts,"42,760",,,philip@redactedtalent.gg,https://linktr.ee/philiphartshorn,,0,,,,,,,,,,,
1,0,1,0,@intern,https://x.com/intern,"137,788",,,"
",,,0,,,,,,,,,,,
1,0,1,0,@comma_ai,https://x.com/comma_ai,"110,137",,,"
",https://comma.ai,,0,,,,,,,,,,,
1,0,1,0,@Haezurath,https://x.com/Haezurath,"69,625",,,"
",,,0,,,,,,,,,,,
1,0,1,0,@djcows,https://x.com/djcows,"24,572",,,"
",https://shop.djcows.com/,,0,,,,,,,,,,,
1,0,1,0,@spwfeijen,https://x.com/spwfeijen,"26,576",,,"
",https://www.makeugc.ai,,0,,,,,,,,,,,
1,0,1,0,@CSProfKGD,https://x.com/CSProfKGD,"78,292",,,kosta@eecs.yorku.ca,https://csprofkgd.github.io,,0,,,,,,,,,,,
1,0,1,0,@ChrisCoffee,https://x.com/ChrisCoffee,"25,851",,,"
",https://www.youtube.com/channel/UCqRQilZbF2GkDl_DtuQb24Q,,0,,,,,,,,,,,
1,0,1,0,@_clarktang,https://x.com/_clarktang,"10,602",,,jubao@lingying.com,https://www.linkedin.com/in/clarkytang/,,0,,,,,,,,,,,
1,0,1,0,@zoomerfied,https://x.com/zoomerfied,"84,184",,@ZoomerfiedNews,"
",https://t.me/ZoomerfiedNews,,0,,,,,,,,,,,
1,0,1,0,@LaNuevaEraFCB_,https://x.com/LaNuevaEraFCB_,"59,786",,,"
",,,0,,,,,,,,,,,
1,0,1,0,@merishabh_singh,https://x.com/merishabh_singh,"48,261",,,"
",https://topmate.io/rishabhsingh01/,,0,,,,,,,,,,,
1,0,1,0,@sharynne_,https://x.com/sharynne_,"3,155",,,"
",,,0,,,,,,,,,,,
1,0,1,0,@0xNairolf,https://x.com/0xNairolf,"39,520",,,"
",https://0xnairolf.substack.com/,,0,,,,,,,,,,,
1,0,1,0,@primalrobin,https://x.com/primalrobin,"7,267",,,"
",,,0,,,,,,,,,,,
1,0,1,0,@ConsensusGurus,https://x.com/ConsensusGurus,"43,093",,,"
",http://sourceoftruths.com,,0,,,,,,,,,,,
1,0,1,0,@TheMattAnalysis,https://x.com/TheMattAnalysis,"3,465",,,"
",https://www.instagram.com/themattai?igsh=eXJvNGo5YTN4cHJl&utm_source=qr,,0,,,,,,,,,,,
1,0,1,0,@retiredchaddev,https://x.com/retiredchaddev,"15,186",,,"
",,,0,,,,,,,,,,,
1,0,1,0,@sashabirukoff,https://x.com/sashabirukoff,"5,928",,,sashabirukoff@gmail.com,http://sashabirukoff.com,,0,,,,,,,,,,,
1,0,1,0,@sharifshameem,https://x.com/sharifshameem,"67,548",,,samin100@gmail.com,https://sharif.io,,0,,,,,,,,,,,
1,0,1,0,@BillyMcgrath24,https://x.com/BillyMcgrath24,"3,285",,,"
",,,0,,,,,,,,,,,
1,0,1,0,@marceguerra,https://x.com/marceguerra,"15,444",,,jubao@lingying.com,https://www.linkedin.com/in/marceloguerrahahn/,,0,,,,,,,,,,,
1,0,1,0,@neuralunlock,https://x.com/neuralunlock,"3,583",,,"
",,,0,,,,,,,,,,,
1,0,1,0,@apoorveth,https://x.com/apoorveth,"9,201",,,"
",http://impersonator.xyz,,0,,,,,,,,,,,
1,0,1,0,@aashatwt,https://x.com/aashatwt,"13,891",,,"
",,,0,,,,,,,,,,,
1,0,1,0,@UniteVids,https://x.com/UniteVids,"62,019",,,hoopa479@gmail.com,https://linktr.ee/Unitevids,,0,,,,,,,,,,,
1,0,1,0,@RohunJauhar,https://x.com/RohunJauhar,"53,546",,,"
",https://rohunjauhar.com,,0,,,,,,,,,,,
1,0,1,0,@SuiBuilds,https://x.com/SuiBuilds,"3,103",,,"
",,,0,,,,,,,,,,,
1,0,1,0,@techgirl1908,https://x.com/techgirl1908,"114,080",,@share,"
",https://angiejones.tech/,,0,,,,,,,,,,,
1,0,1,0,@RSami007,https://x.com/RSami007,"10,456",,@RSami007@NGofficialbdairdrop@nazimgang71,"
",https://t.me/RSami007,,0,,,,,,,,,,,
1,0,1,0,@flb_xyz,https://x.com/flb_xyz,"17,111",,@flbden,"
",https://linktr.ee/flbxyz,,0,,,,,,,,,,,
1,0,1,0,@AIWarper,https://x.com/AIWarper,"33,288",,,aiwarperinc@gmail.com,https://linktr.ee/AIWarper,,0,,,,,,,,,,,
1,0,1,0,@Paul_Reviews,https://x.com/Paul_Reviews,"14,446",,,"
",https://Paul.Reviews,,0,,,,,,,,,,,
1,0,1,0,@2mileurista,https://x.com/2mileurista,"15,972",,,"
",https://2mileurista.substack.com/subscribe,,0,,,,,,,,,,,
1,0,1,0,@cvander,https://x.com/cvander,"133,408",,,"
",http://cvander.com,,0,,,,,,,,,,,
1,0,1,0,@HarmonicMath,https://x.com/HarmonicMath,"18,980",,,"
",http://harmonic.fun,,0,,,,,,,,,,,
1,0,1,0,@blakeaburge,https://x.com/blakeaburge,"416,211",,,"
",,,0,,,,,,,,,,,
1,0,1,0,@Michigan409,https://x.com/Michigan409,"20,140",,,"
",https://rethinkable.xyz/Michigan409,,0,,,,,,,,,,,
1,0,1,0,@LeoAstral_,https://x.com/LeoAstral_,"80,657",,,leoastral33@gmail.com,https://leoastral.carrd.co/,,0,,,,,,,,,,,
1,0,1,0,@BitBlitzBuzz,https://x.com/BitBlitzBuzz,"5,740",,,"
",https://polymarket.com/?r=BitBlitzBuzz,,0,,,,,,,,,,,
1,0,1,0,@RhyneXBT,https://x.com/RhyneXBT,"14,869",,@rhyneahmed_last_6601,"
",https://t.me/rhyneahmed_last_6601,,0,,,,,,,,,,,
1,0,1,0,@bashorunedward,https://x.com/bashorunedward,"40,418",,,"
",,,0,,,,,,,,,,,
1,0,1,0,@Stevewal63,https://x.com/Stevewal63,"35,378",,,"
",,,0,,,,,,,,,,,
1,0,1,0,@politicsusa46,https://x.com/politicsusa46,"159,280",,,"
",https://politicsusa46.substack.com?r=54ihjc&utm_medium=ios&utm_source=profileuide-to-project-2025/,,0,,,,,,,,,,,
1,0,1,0,@rakyll,https://x.com/rakyll,"166,212",,,"jbd@google.com
rakyll@rakyll.org",https://github.com/rakyll,,0,,,,,,,,,,,
1,0,1,0,@BLUECOW009,https://x.com/BLUECOW009,"19,449",,,"
",https://github.com/NeoVertex1,,0,,,,,,,,,,,
1,0,1,0,@ausbro80,https://x.com/ausbro80,"13,845",,,"
",https://linktr.ee/vibecodingschool,,0,,,,,,,,,,,
1,0,1,0,@shortsqueeznews,https://x.com/shortsqueeznews,"8,913",,,"
",https://www.shortsqueez.co/subscribe,,0,,,,,,,,,,,
1,0,1,0,@deedydas,https://x.com/deedydas,"232,843",,,"dd367@cornell.edu
deedy@menloventures.com
deedy@menlovc.com",https://debarghyadas.com/,,0,,,,,,,,,,,
1,0,1,0,@CompostelaFC,https://x.com/CompostelaFC,"11,968",,,"
",,,0,,,,,,,,,,,
1,0,1,0,@PoppPulse,https://x.com/PoppPulse,"13,357",,,"
",,,0,,,,,,,,,,,
1,0,1,0,@firehustle_net,https://x.com/firehustle_net,"12,752",,,"
",https://www.youtube.com/FireHustleCrypto,,0,,,,,,,,,,,
1,0,1,0,@3orovik,https://x.com/3orovik,"229,588",,@borovikTG@borovik,"
",http://t.me/borovikTG,,0,,,,,,,,,,,
1,0,1,0,@RitikaAgrawal08,https://x.com/RitikaAgrawal08,"15,152",,,"
",https://sheetdeck.vercel.app,,0,,,,,,,,,,,
1,0,1,0,@icreatelife,https://x.com/icreatelife,"115,300",,,user@domain.com,https://www.kris.art/,,0,,,,,,,,,,,
1,0,1,0,@karthikponna19,https://x.com/karthikponna19,"12,990",,,karthikponna963@gmail.com,https://github.com/karthikponna,,0,,,,,,,,,,,
1,0,1,0,@iamdevloper,https://x.com/iamdevloper,"396,654",,,adeveloper1@gmail.com,http://iamdevloper.io/promo,,0,,,,,,,,,,,
1,0,1,0,@PrajwalTomar_,https://x.com/PrajwalTomar_,"53,731",,,"
",https://www.skool.com/ai-mvp-builders/about,,0,,,,,,,,,,,
1,0,1,0,@MapleLeafCap,https://x.com/MapleLeafCap,"49,154",,,"
",,,0,,,,,,,,,,,
1,0,1,0,@orphcorp,https://x.com/orphcorp,"19,968",,,"
",https://hyperinformation.substack.com,,0,,,,,,,,,,,
1,0,1,0,@MichaelTrazzi,https://x.com/MichaelTrazzi,"22,388",,,"
",http://michaeltrazzi.com,,0,,,,,,,,,,,
1,0,1,0,@thedulab,https://x.com/thedulab,"126,390",,,"
",,,0,,,,,,,,,,,
1,0,1,0,@0xDeployer,https://x.com/0xDeployer,"41,748",,,"
",http://bankr.bot,,0,,,,,,,,,,,
1,0,1,0,@his_animations,https://x.com/his_animations,"10,957",,,"
",,,0,,,,,,,,,,,
1,0,1,0,@degensing,https://x.com/degensing,"18,290",,,alex@voicemoat.com,https://voicemoat.com/,,0,,,,,,,,,,,
1,0,1,0,@jvisserlabs,https://x.com/jvisserlabs,"132,398",,,your@email.com,https://ai.22vresearch.com/,,0,,,,,,,,,,,
1,0,1,0,@PhilOnChain,https://x.com/PhilOnChain,"34,458",,@Philsgambleroom,"
",https://t.me/Philsgambleroom,,0,,,,,,,,,,,
1,0,1,0,@Antunes1,https://x.com/Antunes1,"108,598",,,"
",,,0,,,,,,,,,,,
1,0,1,0,@cloneofsimo,https://x.com/cloneofsimo,"17,187",,,cloneofsimo@gmail.com,https://github.com/cloneofsimo,,0,,,,,,,,,,,
1,0,1,0,@KrishivThakuria,https://x.com/KrishivThakuria,"3,314",,,krishivthakuria@gmail.com,http://krishivthakuria.com,,0,,,,,,,,,,,
1,0,1,0,@Amoaning_samuel,https://x.com/Amoaning_samuel,"15,426",,@entamoty1@entamoty123,"
",https://t.me/entamoty1,,0,,,,,,,,,,,
1,0,1,0,@workslikejenga,https://x.com/workslikejenga,"4,360",,,"
",,,0,,,,,,,,,,,
1,0,1,0,@mannupaaji,https://x.com/mannupaaji,"41,941",,,"
",http://ui.aceternity.com,,0,,,,,,,,,,,
1,0,1,0,@3kliksphilip,https://x.com/3kliksphilip,"94,449",,,"
",https://www.youtube.com/@2kliksphilip/videos,,0,,,,,,,,,,,
1,0,1,0,@ChShersh,https://x.com/ChShersh,"66,862",,,"
",https://chshersh.com/,,0,,,,,,,,,,,
1,0,1,0,@ViralRushX,https://x.com/ViralRushX,"23,226",,,"
",,,0,,,,,,,,,,,
1,0,1,0,@VORTEX_Promos,https://x.com/VORTEX_Promos,"126,180",,@mike_crypto_z@web3worldchannel@VortexNextGen,pr@blockchainworld.ai,https://www.youtube.com/channel/UCfQQGgbJAU4NO7mh7Va8Lfw,,0,,,,,,,,,,,
1,0,1,0,@weirdai_art,https://x.com/weirdai_art,"8,438",,,billing@imagine.art,http://imagine.art,,0,,,,,,,,,,,
1,0,1,0,@JackDishman,https://x.com/JackDishman,"6,692",,,me@jackdishman.com,https://jackdishman.com,,0,,,,,,,,,,,
1,0,1,0,@rajgokal,https://x.com/rajgokal,"576,398",,,"operations@solana.com
operations@solana.foundation
dmcaagent@solana.org",https://solana.com,,0,,,,,,,,,,,
1,0,1,0,@dgt10011,https://x.com/dgt10011,"100,206",,,"
",https://substack.com/@jeffpark1,,0,,,,,,,,,,,
1,0,1,0,@safetyth1rd,https://x.com/safetyth1rd,"51,750",,@todayindefinews,user@domain.com,http://TodayinDeFi.com,,0,,,,,,,,,,,
1,0,1,0,@TheMsterDoctor1,https://x.com/TheMsterDoctor1,"35,031",,,"
",https://club.themasterdoctor1.com/,,0,,,,,,,,,,,
1,0,1,0,@RealAntar1,https://x.com/RealAntar1,"5,220",,@karmakerantar,"
",http://t.me/karmakerantar,,0,,,,,,,,,,,
1,0,1,0,@CodeByPoonam,https://x.com/CodeByPoonam,"215,636",,,"
",https://aitoast.beehiiv.com,,0,,,,,,,,,,,
1,0,1,0,@fs0c131y,https://x.com/fs0c131y,"254,183",,,"
",https://predictasearch.com,,0,,,,,,,,,,,
1,0,1,0,@maxleiter,https://x.com/maxleiter,"5,998",,,"
",http://maxleiter.com,,0,,,,,,,,,,,
1,0,1,0,@shanaka86,https://x.com/shanaka86,"309,253",,,"
",https://substack.com/@shanakaanslemperera,,0,,,,,,,,,,,
1,0,1,0,@TheStoicEmperor,https://x.com/TheStoicEmperor,"386,389",,,"
",,,0,,,,,,,,,,,
1,0,1,0,@rom1trs,https://x.com/rom1trs,"35,867",,,"
",http://arcads.ai,,0,,,,,,,,,,,
1,0,1,0,@Alin_Reaper05,https://x.com/Alin_Reaper05,"13,666",,,"
",,,0,,,,,,,,,,,
1,0,1,0,@floguo,https://x.com/floguo,"29,948",,,"
",http://floguo.com,,0,,,,,,,,,,,
1,0,1,0,@neliwar,https://x.com/neliwar,"15,989",,,"
",https://www.instagram.com/neliwr/,,0,,,,,,,,,,,
1,0,1,0,@luv1bun,https://x.com/luv1bun,"3,161",,,xdaffodil12@gmail.com,,,0,收到回复,,,,,,,,,,
1,0,1,0,@Myrwnn,https://x.com/Myrwnn,"50,226",,,"
",,,0,,,,,,,,,,,
1,0,1,0,@EricCryptoman,https://x.com/EricCryptoman,"264,048",,@Erics_Calls@EricCryptoman,"
",http://t.me/Erics_Calls,,0,,,,,,,,,,,
1,0,1,0,@paging_cora,https://x.com/paging_cora,"10,877",,,"
",,,0,,,,,,,,,,,
1,0,1,0,@thedatingboss,https://x.com/thedatingboss,"273,235",,,"
",,,0,,,,,,,,,,,
1,0,1,0,@AkaBull_,https://x.com/AkaBull_,"42,292",,@AkaBullGurl,"
",http://t.me/AkaBullGurl,,0,,,,,,,,,,,
1,0,1,0,@Mew_web3,https://x.com/Mew_web3,"10,652",,@flipster_io,"
",,,0,,,,,,,,,,,
1,0,1,0,@trikcode,https://x.com/trikcode,"67,646",,,"
",https://vybeotv.app/,,0,,,,,,,,,,,
1,0,1,0,@khushiirl,https://x.com/khushiirl,"10,043",,,"
",,,0,,,,,,,,,,,
1,0,1,0,@0xfortizo,https://x.com/0xfortizo,"43,563",,@fortizosg,"
",http://t.me/fortizosg,,0,,,,,,,,,,,
1,0,1,0,@krito_carde,https://x.com/krito_carde,"3,685",,,"
",,,0,,,,,,,,,,,
1,0,1,0,@zhee_explores,https://x.com/zhee_explores,"5,178",,,azeezatolabode06@gmail.com,https://drive.google.com/drive/folders/1-o8S8_AAnnPzYFPcfFrrbZAVpAF3lNKV,,0,,,,,,,,,,,
1,0,1,0,@Theeban1437,https://x.com/Theeban1437,"56,667",,,"
",,,0,,,,,,,,,,,
1,0,1,0,@Laika_ai,https://x.com/Laika_ai,"101,354",,,"
",https://laikalabs.ai,,0,,,,,,,,,,,
1,0,1,0,@IsrafilOnchain,https://x.com/IsrafilOnchain,"6,405",,,"
",,,0,,,,,,,,,,,
1,0,1,0,@Orivex,https://x.com/Orivex,"22,970",,,"
",,,0,,,,,,,,,,,
1,0,1,0,@iximiuz,https://x.com/iximiuz,"72,914",,,ivan@iximiuz.com,http://labs.iximiuz.com,,0,,,,,,,,,,,
1,0,1,0,@govardhana_mk,https://x.com/govardhana_mk,"7,905",,,"
",https://www.techopsexamples.com/,,0,,,,,,,,,,,
1,0,1,0,@sui414,https://x.com/sui414,"10,870",,,"
",http://panteraresearchlab.xyz,,0,,,,,,,,,,,
1,0,1,0,@afscott,https://x.com/afscott,"16,844",,,"
",,,0,,,,,,,,,,,
1,0,1,0,@Usoppu,https://x.com/Usoppu,"45,318",,@usoppden,"
",https://t.me/usoppden,,0,,,,,,,,,,,
1,0,1,0,@PromptLLM,https://x.com/PromptLLM,"85,494",,,"
",,,0,,,,,,,,,,,
1,0,1,0,@SYZ_Community,https://x.com/SYZ_Community,"9,235",,@Synthezy_Community,"
",https://t.me/Synthezy_Community,,0,,,,,,,,,,,
1,0,1,0,@innopro_,https://x.com/innopro_,"16,117",,@innopro_web3,"
",http://t.me/innopro_web3,,0,,,,,,,,,,,
1,0,1,0,@stephdreals,https://x.com/stephdreals,"6,339",,@CoinMarketCap@CoinMarketCapAnnouncements,"advertising@coinmarketcap.com
social@coinmarketcap.com",https://coinmarketcap.com/community/profile/stephdreals,,0,,,,,,,,,,,
1,0,1,0,@phuctm97,https://x.com/phuctm97,"49,886",,,"
",http://pdfvector.com,,0,,,,,,,,,,,
1,0,1,0,@Musty_hasheedu,https://x.com/Musty_hasheedu,"23,360",,,"
",https://quacks.app/?ref=Musty_hasheedu,,0,,,,,,,,,,,
1,0,1,0,@Luxin_Xeno,https://x.com/Luxin_Xeno,"13,730",,,"
",https://www.youtube.com/@Luxin_Xeno,,0,,,,,,,,,,,
1,0,1,0,@Lin98201,https://x.com/Lin98201,"3,905",,,"
",,,0,,,,,,,,,,,
1,0,1,0,@Ravisutanjani,https://x.com/Ravisutanjani,"177,914",,,"
",https://yt.openinapp.co/ravisutanjani,,0,,,,,,,,,,,
1,0,1,0,@i_am_vickyd,https://x.com/i_am_vickyd,"12,487",,@cmv_ng@Cmvceo,damorazi57@gmail.com,https://cmvngsignals.com/,,0,,,,,,,,,,,
1,0,1,0,@CyberRacheal,https://x.com/CyberRacheal,"24,078",,,jubao@lingying.com,https://www.linkedin.com/in/racheal-popoola?utm_source=share&utm_campaign=share_,,0,,,,,,,,,,,
1,0,1,0,@R2D2zen,https://x.com/R2D2zen,"13,788",,,"
",,,0,,,,,,,,,,,
1,0,1,0,@github_skydoves,https://x.com/github_skydoves,"22,691",,,"
",http://github.com/skydoves,,0,,,,,,,,,,,
1,0,1,0,@lou3ee,https://x.com/lou3ee,"6,709",,,"
",https://youtu.be/rVh6fGJnzpE?si=vYB5Liro_nm6D3og,,0,,,,,,,,,,,
1,0,1,0,@Seltaa_,https://x.com/Seltaa_,"3,285",,,"
",https://github.com/Seltaa/ReSpark,,0,,,,,,,,,,,
1,0,1,0,@alicialyttle,https://x.com/alicialyttle,"52,435",,,"
",https://aibusinesssummit.com/,,0,,,,,,,,,,,
1,0,1,0,@wilzap,https://x.com/wilzap,"4,781",,,"
",https://buymeacoffee.com/wczaplinskq,,0,,,,,,,,,,,
1,0,1,0,@MetapodPresi,https://x.com/MetapodPresi,"75,791",,,metapodbusiness@gmail.com,http://flow.page/mpp,,0,,,,,,,,,,,
1,0,1,0,@PokemonOST,https://x.com/PokemonOST,"226,741",,,"
",,,0,,,,,,,,,,,
1,0,1,0,@JakeNomada,https://x.com/JakeNomada,"32,446",,,"
",https://www.nomadanewsletter.io/,,0,,,,,,,,,,,
1,0,1,0,@DarkDao1,https://x.com/DarkDao1,"8,378",,,"
",https://t.co/2KEwKQFpno,,0,,,,,,,,,,,
1,0,1,0,@johnrushx,https://x.com/johnrushx,"117,110",,,"john@marsx.dev
your@email.com",http://tinyadz.com,,0,,,,,,,,,,,
1,0,1,0,@itsPaulAi,https://x.com/itsPaulAi,"221,120",,,"
",http://CouvertSystems.com,,0,,,,,,,,,,,
0,0,1,0,@RemiCadene,https://x.com/RemiCadene,"20,809",,,re.cadene@gmail.com,http://remicadene.com,,0,,,,,,,,,,,
1,0,1,0,@baba_Omoloro,https://x.com/baba_Omoloro,"92,115",,@agboolapeter@background@baba_Omoloro1,"
",http://agboolapeter.com,,0,,,,,,,,,,,
1,0,1,0,@jesse_vermeulen,https://x.com/jesse_vermeulen,"9,406",,,"
",http://outpacestudios.com,,0,,,,,,,,,,,
1,0,1,0,@buntyverse,https://x.com/buntyverse,"7,355",,,"
",,,0,,,,,,,,,,,
1,0,1,0,@JSFILMZ0412,https://x.com/JSFILMZ0412,"7,344",,,"
",https://www.topview.ai/?via=jsfilmz,,0,,,,,,,,,,,
1,0,1,0,@vikrambuilds,https://x.com/vikrambuilds,"11,071",,,vikram.dev.co@gmail.com,http://vikrambuilds.site,,0,,,,,,,,,,,
1,0,1,0,@yaasaamaan1,https://x.com/yaasaamaan1,"4,962",,,"
",,,0,,,,,,,,,,,
1,0,1,0,@Viralfizz,https://x.com/Viralfizz,"123,733",,,"
",,,0,,,,,,,,,,,
1,0,1,0,@cyber_razz,https://x.com/cyber_razz,"43,085",,,"
",https://linktr.ee/cyberrazz,,0,,,,,,,,,,,
1,0,1,0,@tisch_eins,https://x.com/tisch_eins,"4,586",,,"
",http://linktr.ee/tischeins,,0,,,,,,,,,,,
1,0,1,0,@1Cilineth,https://x.com/1Cilineth,"12,909",,,"
",,,0,,,,,,,,,,,
1,0,1,0,@AL__0077,https://x.com/AL__0077,"7,696",,,"
",,,0,,,,,,,,,,,
1,0,1,0,@simonsquibb,https://x.com/simonsquibb,"80,556",,@simonsquibbmentor,"leah@krugercowne.com
adrien@helpbnk.com
agauntlett@pfd.co.uk",https://www.simonsquibb.com/whats-your-story,,0,,,,,,,,,,,
1,0,1,0,@SodabotAI,https://x.com/SodabotAI,"35,040",,@https,"
",http://t.me/SodaBotAnn,,0,,,,,,,,,,,
1,0,1,0,@fabianstelzer,https://x.com/fabianstelzer,"42,254",,,"
",http://glif.app,,0,,,,,,,,,,,
1,0,1,0,@aaronjmars,https://x.com/aaronjmars,"8,082",,,"
",https://github.com/aaronjmars,,0,,,,,,,,,,,
1,0,1,0,@MikeMacCombie,https://x.com/MikeMacCombie,"14,792",,,"
",http://bit.ly/3YTzECB,,0,,,,,,,,,,,
1,0,1,0,@davidfowl,https://x.com/davidfowl,"144,473",,,"
",http://ASP.NET,,0,,,,,,,,,,,
1,0,1,0,@StoryProtocol,https://x.com/StoryProtocol,"565,682",,,"
",https://linktr.ee/storyprotocol,,0,,,,,,,,,,,
1,0,1,0,@0xNonceSense,https://x.com/0xNonceSense,"97,060",,@about,"
",https://t.me/+SYPELYHSTeliYWQy,,0,,,,,,,,,,,
1,0,1,0,@OXEMMYWEB3,https://x.com/OXEMMYWEB3,"3,216",,@dude_crypts,"
",http://t.me/dude_crypts,,0,,,,,,,,,,,
1,0,1,0,@jamesyeung18,https://x.com/jamesyeung18,"18,049",,,"
",,,0,,,,,,,,,,,
1,0,1,0,@Franc0Fernand0,https://x.com/Franc0Fernand0,"50,523",,,"
",http://polymathicengineer.com,,0,,,,,,,,,,,
1,0,1,0,@plopesresearch,https://x.com/plopesresearch,"8,832",,,hci@uchicago.edu,https://lab.plopes.org,,0,,,,,,,,,,,
1,0,1,0,@BowesChay,https://x.com/BowesChay,"280,672",,,"
",https://youtube.com/@boweschay?si=y_6pV3EPA2VaYlrL,,0,,,,,,,,,,,
1,0,1,0,@MahimaJalan2,https://x.com/MahimaJalan2,"32,973",,,jubao@lingying.com,https://www.linkedin.com/in/mahimajalanbranding/,,0,,,,,,,,,,,
1,0,1,0,@christinaingoog,https://x.com/christinaingoog,"7,084",,,"
",,,0,,,,,,,,,,,
1,0,1,0,@livgorton,https://x.com/livgorton,"5,201",,,liv@livgorton.com,http://livgorton.com,,0,,,,,,,,,,,
1,0,1,0,@nptacek,https://x.com/nptacek,"6,882",,,"
",http://wordscreateworlds.com,,0,,,,,,,,,,,
1,0,1,0,@ElRonceroDelFCB,https://x.com/ElRonceroDelFCB,"130,674",,,ronci.contacto@gmail.com,http://youtube.com/@RonciGX,,0,,,,,,,,,,,
1,0,1,0,@Svrkee01,https://x.com/Svrkee01,"18,293",,@Svrkee01,"
",http://t.me/Svrkee01,,0,,,,,,,,,,,
1,0,1,0,@JoseCarrasco_98,https://x.com/JoseCarrasco_98,"103,798",,,laligafantasycarrasco@gmail.com,http://twitch.tv/josecarrasco_98,,0,,,,,,,,,,,
1,0,1,0,@alyonitaa,https://x.com/alyonitaa,"30,716",,,"
",,,0,,,,,,,,,,,
1,0,1,0,@FoxyyChar,https://x.com/FoxyyChar,"15,947",,,foxycharbusiness@gmail.com,,,0,,,,,,,,,,,
1,1,1,0,@tenacious_ar,https://x.com/tenacious_ar,"9,137",QRT: $80• Single tweet: $120• Thread: $150,@ar_kotfw,,https://t.me/etherealforalpha,,1,收到回复,1,tg,,,,,,,,
1,0,1,0,@PobBase,https://x.com/PobBase,"20,421",,,"
",,,0,,,,,,,,,,,
1,0,1,0,@GyaruGlow,https://x.com/GyaruGlow,"41,786",,,"
",,,0,,,,,,,,,,,
1,0,1,0,@_Checkmatey_,https://x.com/_Checkmatey_,"129,855",,,"
",http://newsletter.checkonchain.com,,0,,,,,,,,,,,
1,0,1,0,@EiiKwesiKay,https://x.com/EiiKwesiKay,"5,773",,,"
",https://buymeacoffee.com/godasare83z,,0,,,,,,,,,,,
1,0,1,0,@mjovanovictech,https://x.com/mjovanovictech,"48,009",,,milan@milanjovanovic.tech,https://www.milanjovanovic.tech/,,0,,,,,,,,,,,
1,0,1,0,@GFRobot,https://x.com/GFRobot,"92,868",,,"
",http://giantfreakinrobot.com,,0,,,,,,,,,,,
1,0,1,0,@fimmonaci,https://x.com/fimmonaci,"12,626",,,"
",,,0,,,,,,,,,,,
1,0,1,0,@ErikSchluntz,https://x.com/ErikSchluntz,"9,493",,,"
",http://erikschluntz.com,,0,,,,,,,,,,,
1,0,1,0,@Flakked_LoL,https://x.com/Flakked_LoL,"179,484",,,flakked619@gmail.com,https://allmylinks.com/flakked-lol,,0,,,,,,,,,,,
1,0,1,0,@LunalatunaMtz,https://x.com/LunalatunaMtz,"115,330",,,lunamartinez.contact@gmail.com,https://linktr.ee/lunamartinezoficial,,0,,,,,,,,,,,
1,0,1,0,@Jakeronthia_,https://x.com/Jakeronthia_,"12,352",,,"
",,,0,,,,,,,,,,,
1,0,1,0,@SarvasvKulpati,https://x.com/SarvasvKulpati,"10,216",,,"
",https://origamicomputing.com,,0,,,,,,,,,,,
1,0,1,0,@samuel_spitz,https://x.com/samuel_spitz,"30,687",,,"
",http://samuel-spitz.com,,0,,,,,,,,,,,
1,0,1,0,@RickRaptor105,https://x.com/RickRaptor105,"6,343",,,"
",http://youtube.com/rickraptor105,,0,,,,,,,,,,,
1,0,1,0,@AlexFinn,https://x.com/AlexFinn,"443,880",,,"
",https://www.skool.com/vibe-coding-academy/,,0,,,,,,,,,,,
1,0,1,0,@ilmoi,https://x.com/ilmoi,"29,862",,,"
",https://il.moi/,,0,,,,,,,,,,,
1,0,1,0,@frankdegods,https://x.com/frankdegods,"445,966",,,"
",https://paste.trade,,0,,,,,,,,,,,
1,0,1,0,@Cooopahtroopa,https://x.com/Cooopahtroopa,"185,223",,,"
",http://cooprecs.itm.studio,,0,,,,,,,,,,,
1,0,1,0,@NahFlo2n,https://x.com/NahFlo2n,"9,670",,,"
",,,0,,,,,,,,,,,
1,0,1,0,@FareaNFts,https://x.com/FareaNFts,"64,750",,@FareaNFts@FareaNFtX,"
",https://t.me/FareaNFts,,0,,,,,,,,,,,
1,0,1,0,@JASS1000001,https://x.com/JASS1000001,"22,775",,,"
",,,0,,,,,,,,,,,
1,0,1,0,@rebecca_doodles,https://x.com/rebecca_doodles,"45,030",,,"
",https://vgen.co/rebecca_doodles,,0,,,,,,,,,,,
1,0,1,0,@pepemoonboy,https://x.com/pepemoonboy,"56,070",,,"
",,,0,,,,,,,,,,,
1,0,1,0,@letsxCinematica,https://x.com/letsxCinematica,"210,377",,,"
",https://whatsapp.com/channel/0029Vb6pBLU9Bb5yfL8Fb432,,0,,,,,,,,,,,
1,0,1,0,@jamesvclements,https://x.com/jamesvclements,"6,238",,,"
",http://oldfriends.studio,,0,,,,,,,,,,,
1,0,1,0,@kylelostat,https://x.com/kylelostat,"4,456",,,"
",http://kylelo.bsky.social,,0,,,,,,,,,,,
1,0,1,0,@pattybuilds,https://x.com/pattybuilds,"10,779",,,"
",https://pattybuilds.dev/,,0,,,,,,,,,,,
1,0,1,0,@sedielem,https://x.com/sedielem,"67,092",,,sanderdieleman@gmail.com,https://sander.ai,,0,,,,,,,,,,,
1,0,1,0,@SebsterSpeaks,https://x.com/SebsterSpeaks,"14,413",,,"
",https://suno.com/@sebsterspeaks,,0,,,,,,,,,,,
1,0,1,0,@Turn_Trout,https://x.com/Turn_Trout,"4,545",,,"
",,,0,,,,,,,,,,,
1,0,1,0,@codatta_io,https://x.com/codatta_io,"204,621",,@codatta_io,"
",https://linktr.ee/codatta.io,,0,,,,,,,,,,,
1,0,0,0,@paw_lean,https://x.com/paw_lean,"16,462",,,,https://pawlean.com,,0,,,,,,,,,,,
1,0,1,0,@thejesonlee,https://x.com/thejesonlee,"3,395",,,"
",https://www.savantvc.com/,,0,,,,,,,,,,,
1,0,1,0,@MasculineTheory,https://x.com/MasculineTheory,"418,949",,,"
",https://masculinetheory.com/,,0,,,,,,,,,,,
1,0,1,0,@enesonchain,https://x.com/enesonchain,"52,170",,@below,"
",https://t.me/aurocalls,,0,,,,,,,,,,,
1,0,1,0,@Real_DeFi_,https://x.com/Real_DeFi_,"13,563",,@sierus1,"
",https://t.me/sierus1,,0,,,,,,,,,,,
1,0,1,0,@Autopsyr0tica,https://x.com/Autopsyr0tica,"11,868",,,"
",https://linktr.ee/fleshfly,,0,,,,,,,,,,,
1,0,1,0,@Kyrannio,https://x.com/Kyrannio,"20,097",,,"
",http://nospoonstudios.com,,0,,,,,,,,,,,
1,0,1,0,@ryolu_,https://x.com/ryolu_,"84,041",,,"
",https://ryo.lu,,0,,,,,,,,,,,
1,0,1,0,@teja2495,https://x.com/teja2495,"6,760",,,"
",https://tinyurl.com/teja-karlapudi,,0,,,,,,,,,,,
1,0,1,0,@aidangomez,https://x.com/aidangomez,"34,967",,,"
",http://gom.ai,,0,,,,,,,,,,,
1,0,1,0,@mario4thenorth,https://x.com/mario4thenorth,"107,014",,,john@company.com,https://durafilm.ca/,,0,,,,,,,,,,,
1,0,1,0,@waleswoosh,https://x.com/waleswoosh,"172,652",,,"
",http://polymarket.com/@waleyyyy,,0,,,,,,,,,,,
1,0,1,0,@gainzy222,https://x.com/gainzy222,"325,802",,,"
",,,0,,,,,,,,,,,
1,0,1,0,@vinhlegacy,https://x.com/vinhlegacy,"17,969",,,"
",http://letterboxd.com/vinhlegacy,,0,,,,,,,,,,,
1,0,1,0,@truthstreamnews,https://x.com/truthstreamnews,"129,638",,,"
",http://TruthstreamMedia.com,,0,,,,,,,,,,,
1,0,1,0,@42CEO_,https://x.com/42CEO_,"29,183",,,"
",https://twitch.tv/42ceo_,,0,,,,,,,,,,,
1,0,1,0,@LurkAtHomeMom,https://x.com/LurkAtHomeMom,"37,702",,,"
",https://www.facebook.com/Lurkathomemom/,,0,,,,,,,,,,,
1,0,1,0,@Leigha_Sapienti,https://x.com/Leigha_Sapienti,"3,734",,,leighasomething222@gmail.com,https://www.youtube.com/channel/UCuJ2hFmp-B_fqqb5RhvZmbg,,0,,,,,,,,,,,
1,0,1,0,@RobLMyers,https://x.com/RobLMyers,"22,296",,,"
",https://bsky.app/profile/robm.bsky.social,,0,,,,,,,,,,,
1,0,1,0,@aravind,https://x.com/aravind,"281,081",,,"
",,,0,,,,,,,,,,,
1,0,1,0,@FitzYap,https://x.com/FitzYap,"8,534",,,"
",https://fitziswriting.substack.com/,,0,,,,,,,,,,,
1,0,1,0,@tunguz,https://x.com/tunguz,"273,187",,,"
",http://www.tunguz.com,,0,,,,,,,,,,,
1,0,1,0,@LyalinDotCom,https://x.com/LyalinDotCom,"18,226",,,"
",https://github.com/LyalinDotCom,,0,,,,,,,,,,,
1,0,1,0,@dvassallo,https://x.com/dvassallo,"200,617",,,"
",http://fullsend.game,,0,,,,,,,,,,,
1,0,1,0,@ascetic0x,https://x.com/ascetic0x,"19,624",,,"
",https://polymarket.com/@ascetic0x?via=share,,0,,,,,,,,,,,
1,0,1,0,@emmanuelbasy,https://x.com/emmanuelbasy,"46,510",,@channel,"
",https://beacons.ai/emmanuelbasy,,0,,,,,,,,,,,
1,0,1,0,@WatchMyReview,https://x.com/WatchMyReview,"6,489",,,"
",https://factsoflife.fandom.com/wiki/Edna_Garrett,,0,,,,,,,,,,,
1,0,1,0,@BullTheoryio,https://x.com/BullTheoryio,"150,216",,,"
",https://bulltheory.com/,,0,,,,,,,,,,,
1,0,1,0,@walsxbt,https://x.com/walsxbt,"29,719",,,"
",,,0,,,,,,,,,,,
1,0,1,0,@alexgraveley,https://x.com/alexgraveley,"45,338",,,alexgraveley@gmail.com,https://alexgraveley.com,,0,,,,,,,,,,,
1,0,1,0,@boldleonidas,https://x.com/boldleonidas,"101,985",,,"
",http://linktr.ee/boldleonidas,,0,,,,,,,,,,,
1,0,1,0,@gabrielhaines,https://x.com/gabrielhaines,"61,777",,,"
",,,0,,,,,,,,,,,
1,0,1,0,@cryptosymbiiote,https://x.com/cryptosymbiiote,"115,954",,@kinoyg,"
",https://t.me/kinoyg,,0,,,,,,,,,,,
1,0,1,0,@0xRicky,https://x.com/0xRicky,"5,390",,,"
",,,0,,,,,,,,,,,
1,0,1,0,@rasbt,https://x.com/rasbt,"432,768",,,"
",https://amzn.to/4fqvn0D,,0,,,,,,,,,,,
1,0,1,0,@kliu128,https://x.com/kliu128,"9,763",,,kevin@kliu.io,https://kliu.io,,0,,,,,,,,,,,
1,0,1,0,@Maaylen,https://x.com/Maaylen,"82,167",,,maaylen1994@gmail.com,http://kick.com/Maaylen,,0,,,,,,,,,,,
1,0,1,0,@darioemehache,https://x.com/darioemehache,"312,290",,,contactodarioemehache@gmail.com,,,0,,,,,,,,,,,
1,0,1,0,@xNavalha,https://x.com/xNavalha,"49,175",,,xnavalha@gmail.com,http://www.youtube.com/Navalha,,0,,,,,,,,,,,
1,0,1,0,@ltcxrbs,https://x.com/ltcxrbs,"36,818",,,leticiaxribas@gmail.com,,,0,,,,,,,,,,,
1,0,1,0,@lily_baile28534,https://x.com/lily_baile28534,"3,732",,,Workwithaditimistry@gmail.com,https://buff.ly/JPpO9qs,,0,,,,,,,,,,,
1,0,1,0,@olisaemeka_G,https://x.com/olisaemeka_G,"7,917",,,"
",,,0,,,,,,,,,,,
1,0,1,0,@ianzelbo,https://x.com/ianzelbo,"128,840",,,"
",,,0,,,,,,,,,,,
1,0,1,0,@om_patel5,https://x.com/om_patel5,"21,465",,,"
",http://bigideasdb.com,,0,,,,,,,,,,,
1,0,1,0,@TechInnovationz,https://x.com/TechInnovationz,"5,928",,,"
",,,0,,,,,,,,,,,
1,0,1,0,@Vettaverso,https://x.com/Vettaverso,"21,847",,,Vettaverso@gmail.com,,,0,,,,,,,,,,,
1,0,1,0,@0xArkane,https://x.com/0xArkane,"3,509",,,"
",https://www.coinw.com/en_US/register?r=26665269,,0,,,,,,,,,,,
1,0,1,0,@iruletheworldmo,https://x.com/iruletheworldmo,"102,853",,,"
",https://mstrawberryman-ui.github.io/focus-reader-/,,0,,,,,,,,,,,
1,0,1,0,@JunoCrypto3,https://x.com/JunoCrypto3,"6,931",,@JunoCrypto3,"
",https://t.me/JunoCrypto3,,0,,,,,,,,,,,
1,0,1,0,@Hikacozy,https://x.com/Hikacozy,"18,123",,,hikaisplaying@gmail.com,https://allmylinks.com/hika,,0,,,,,,,,,,,
1,0,1,0,@JorgeCastilloPr,https://x.com/JorgeCastilloPr,"21,192",,,jorge.castillo.prz@gmail.com,http://composeinternals.com,,0,,,,,,,,,,,
1,0,1,0,@Of_web33,https://x.com/Of_web33,"46,187",,,"
",http://Metaverse.com,,0,,,,,,,,,,,
1,0,1,0,@Argona0x,https://x.com/Argona0x,"20,995",,@about,"
",https://t.me/+wdZsl6IjoshjNmZi,,0,,,,,,,,,,,
1,0,1,0,@noisyb0y1,https://x.com/noisyb0y1,"14,436",,,"
",,,0,,,,,,,,,,,
1,0,1,0,@trashh_dev,https://x.com/trashh_dev,"117,058",,,"
",https://typehero.dev,,0,,,,,,,,,,,
1,0,1,0,@SumitM_X,https://x.com/SumitM_X,"44,743",,,"
",https://topmate.io/interviewswithsumit/1199866,,0,,,,,,,,,,,
1,0,1,0,@bdguan,https://x.com/bdguan,"7,857",,,"
",https://docs.google.com/document/d/1yvHwxjqhzeXs9HCg8AiveqgB8p05JETEe1pkIaRyHvQ/edit?tab=t.0,,0,,,,,,,,,,,
1,0,1,0,@art_muse,https://x.com/art_muse,"19,656",,,art.muse@outlook.com,https://youtube.com/@art_muse_ai?si=FGRLswiRww_0VdTG,,0,,,,,,,,,,,
1,0,1,0,@HazanPrinceton,https://x.com/HazanPrinceton,"15,720",,,"
",http://www.minregret.com,,0,,,,,,,,,,,
1,0,1,0,@Micro2Macr0,https://x.com/Micro2Macr0,"110,087",,,"
",https://www.youtube.com/@Micro2Macr0,,0,,,,,,,,,,,
1,0,1,0,@YehoshuaZion,https://x.com/YehoshuaZion,"3,563",,,"
",,,0,,,,,,,,,,,
1,0,1,0,@X2worldtech,https://x.com/X2worldtech,"3,197",,,"
",https://caffeine.ai/,,0,,,,,,,,,,,
1,0,1,0,@bznotes,https://x.com/bznotes,"61,179",,,jubao@lingying.com,https://www.linkedin.com/in/bzuberi,,0,,,,,,,,,,,
1,0,1,0,@PeterNotDrury,https://x.com/PeterNotDrury,"47,122",,,PeterNotDrury@gmail.com,,,0,,,,,,,,,,,
1,0,1,0,@TheCryptoSquire,https://x.com/TheCryptoSquire,"548,693",,,"
",https://www.Youtube.com/@TheCryptoSquireOf,,0,,,,,,,,,,,
1,0,1,0,@kodd25,https://x.com/kodd25,"12,582",,,"
",,,0,,,,,,,,,,,
1,0,1,0,@0xWassie,https://x.com/0xWassie,"28,227",,@WassieWeb3,"
",http://t.me/WassieWeb3,,0,,,,,,,,,,,
1,0,1,0,@BossMon_02,https://x.com/BossMon_02,"4,744",,@BossMon_11,"
",,,0,,,,,,,,,,,
1,0,1,0,@mariyaivasileva,https://x.com/mariyaivasileva,"21,520",,,your@email.com,https://mariya.fyi/,,0,,,,,,,,,,,
1,0,1,0,@LexnLin,https://x.com/LexnLin,"10,508",,,u003ehello@tasteskill.dev,http://github.com/Leonxlnx/taste-skill,,0,,,,,,,,,,,
1,0,1,0,@code_rams,https://x.com/code_rams,"11,431",,,"
",https://linkedmash.com,,0,,,,,,,,,,,
1,0,1,0,@moritzkremb,https://x.com/moritzkremb,"71,493",,,"
",https://joinagentos.com/,,0,,,,,,,,,,,
1,0,1,0,@WenhuChen,https://x.com/WenhuChen,"25,514",,,"hustchenwenhu@gmail.com
wenhuchen@meta.com",https://wenhuchen.github.io/,,0,,,,,,,,,,,
1,0,1,0,@EllaBeard11,https://x.com/EllaBeard11,"55,953",,,"
",,,0,,,,,,,,,,,
1,0,1,0,@PlayBookTrades,https://x.com/PlayBookTrades,"64,410",,,"
",https://trendanalytics.com/playbooktrades,,0,,,,,,,,,,,
1,0,1,0,@Frosen,https://x.com/Frosen,"3,240",,,"
",,,0,,,,,,,,,,,
1,0,1,0,@sunilc_,https://x.com/sunilc_,"46,623",,,"
",http://freelanceentrepreneurbook.com,,0,,,,,,,,,,,
1,0,1,0,@realsigridjin,https://x.com/realsigridjin,"13,649",,,"
",https://github.com/sigridjineth,,0,,,,,,,,,,,
1,0,1,0,@rafkramer,https://x.com/rafkramer,"3,557",,,rafael@rafaelkramer.com,http://rafaelkramer.com,,0,,,,,,,,,,,
1,0,1,0,@bekacru,https://x.com/bekacru,"16,153",,,"
",,,0,,,,,,,,,,,
1,0,1,0,@dabit3,https://x.com/dabit3,"187,394",,,dabit3@gmail.com,https://nader.codes/,,0,,,,,,,,,,,
1,0,1,0,@daniel_eckler,https://x.com/daniel_eckler,"43,341",,,your@email.com,http://www.spacecadet.ventures,,0,,,,,,,,,,,
1,0,1,0,@nitesh_singh5,https://x.com/nitesh_singh5,"79,346",,,"christian.wete@omc.com
megha.s@demandnxt.com",http://jobfound.org,,0,,,,,,,,,,,
1,0,1,0,@wentsickomode,https://x.com/wentsickomode,"9,682",,,"
",,,0,,,,,,,,,,,
1,0,1,0,@astroinrealtime,https://x.com/astroinrealtime,"132,592",,,"
",http://buymeacoffee.com/astroinrealtime,,0,,,,,,,,,,,
1,0,1,0,@Gibboanxious,https://x.com/Gibboanxious,"67,878",,,"
",https://boxd.it/3lwbF,,0,,,,,,,,,,,
1,0,1,0,@09Runway,https://x.com/09Runway,"6,815",,,"
",,,0,,,,,,,,,,,
1,0,1,0,@PabloSobrado7,https://x.com/PabloSobrado7,"144,080",,,pablosobrado.realmadrid@gmail.com,https://www.instagram.com/pablosobrado7/,,0,,,,,,,,,,,
1,0,1,0,@AskYoshik,https://x.com/AskYoshik,"4,877",,,"
",http://www.uptime.engineer/,,0,,,,,,,,,,,
1,0,1,0,@taylorfox__,https://x.com/taylorfox__,"4,624",,,"
",,,0,,,,,,,,,,,
1,0,1,0,@sherlock_hodles,https://x.com/sherlock_hodles,"35,556",,,"
",,,0,,,,,,,,,,,
1,0,1,0,@MundoDespectivo,https://x.com/MundoDespectivo,"206,972",,,"
",https://www.instagram.com/mundodespectivo,,0,,,,,,,,,,,
1,0,1,0,@MmisterNobody,https://x.com/MmisterNobody,"189,329",,,"
",,,0,,,,,,,,,,,
1,0,1,0,@samartoor3086,https://x.com/samartoor3086,"28,382",,,"
",https://youtube.com/@majorsamartoor?feature=shared,,0,,,,,,,,,,,
1,0,1,0,@agraybee,https://x.com/agraybee,"47,255",,,"
",,,0,,,,,,,,,,,
1,0,1,0,@OliLondonTV,https://x.com/OliLondonTV,"598,001",,,"
",https://www.amazon.com/dp/1510778063?ref_=cm_sw_r_mwn_dp_YNRR7MBX971ZJ6MKX2D2,,0,,,,,,,,,,,
1,0,1,0,@KieraDiss,https://x.com/KieraDiss,"54,478",,,"
",https://buymeacoffee.com/kieradiss,,0,,,,,,,,,,,
1,0,1,0,@Confidoisbig,https://x.com/Confidoisbig,"3,922",,,"
",,,0,,,,,,,,,,,
1,0,1,0,@jdp2oo,https://x.com/jdp2oo,"4,110",,,"user@domain.com
jdp2@444film.com",https://444film.com,,0,,,,,,,,,,,
1,0,1,0,@AdaLluch,https://x.com/AdaLluch,"430,361",,,"
",,,0,,,,,,,,,,,
1,0,1,0,@gaib_ai,https://x.com/gaib_ai,"163,823",,@gaib_announcements,"
",https://linktr.ee/gaib_ai,,0,,,,,,,,,,,
1,0,1,0,@naruto11eth,https://x.com/naruto11eth,"22,029",,,"
",,,0,,,,,,,,,,,
1,0,1,0,@SteveOnSpeed,https://x.com/SteveOnSpeed,"332,288",,@share,"
",https://millionairehabits.us,,0,,,,,,,,,,,
1,0,1,0,@nusrat_0x,https://x.com/nusrat_0x,"4,024",,@Nusrst_0x,"
",http://t.me/Nusrst_0x,,0,,,,,,,,,,,
1,0,1,0,@AI_EmeraldApple,https://x.com/AI_EmeraldApple,"17,659",,,"
",https://linktr.ee/AI_EmeraldApple,,0,,,,,,,,,,,
1,0,1,0,@GBCLopi,https://x.com/GBCLopi,"19,031",,,"
",,,0,,,,,,,,,,,
1,0,1,0,@BankXRP,https://x.com/BankXRP,"273,160",,,"
",https://linktr.ee/bankxrp,,0,,,,,,,,,,,
1,0,1,0,@davidpattersonx,https://x.com/davidpattersonx,"16,519",,,"
",https://www.endstate2030.com/,,0,,,,,,,,,,,
1,0,1,0,@andykonwinski,https://x.com/andykonwinski,"8,775",,,firstnamelastname@gmail.com,http://andykonwinski.com,,0,,,,,,,,,,,
1,1,1,0,@DAIEvolutionHub,https://x.com/DAIEvolutionHub,,150 for video/thread post; 130 for single post80 usd for quote50 usd for repost,@kshitijmishra27,kshitijmishra27@gmail.com,,referral,0,,1,,1,,,,,,,
1,0,1,0,@monasex_1,https://x.com/monasex_1,"3,122",,,"
",https://polymarket.com?via=monasex,,0,,,,,,,,,,,
1,0,1,0,@OrctonAI,https://x.com/OrctonAI,"24,850",,,"
",https://www.youtube.com/@OrctonAI,,0,,,,,,,,,,,
1,0,1,0,@henloitsjoyce,https://x.com/henloitsjoyce,"21,360",,,"
",http://joyce.land,,0,,,,,,,,,,,
1,0,1,0,@RyanO_ChosenCoy,https://x.com/RyanO_ChosenCoy,"19,019",,,"
",,,0,,,,,,,,,,,
1,0,1,0,@SaiB0i,https://x.com/SaiB0i,"150,414",,,sipsysai@gmail.com,https://linktr.ee/sipsy,,0,,,,,,,,,,,
1,0,1,0,@ritakozlov,https://x.com/ritakozlov,"11,751",,,"
",,,0,,,,,,,,,,,
1,0,1,0,@jh3yy,https://x.com/jh3yy,"145,578",,,"craft@jhey.dev
refunds@jhey.dev",http://craftofui.dev,,0,,,,,,,,,,,
1,0,1,0,@joannejang,https://x.com/joannejang,"49,905",,,"
",http://joannejang.com,,0,,,,,,,,,,,
1,0,1,0,@jefrankle,https://x.com/jefrankle,"22,627",,,"
",,,0,,,,,,,,,,,
1,0,1,0,@mariocarnivore,https://x.com/mariocarnivore,"8,476",,,"
",,,0,,,,,,,,,,,
1,0,1,0,@ftr_investors,https://x.com/ftr_investors,"41,296",,,vincent@ftrinvestors.com,http://ftrinvestors.com,,0,,,,,,,,,,,
1,0,1,0,@Heyyanyaa,https://x.com/Heyyanyaa,"21,538",,,"
",,,0,,,,,,,,,,,
1,0,1,0,@finbarrtimbers,https://x.com/finbarrtimbers,"14,983",,,"
",http://finbarr.ca,,0,,,,,,,,,,,
1,0,1,0,@ceetee1207,https://x.com/ceetee1207,"15,718",,,"
",http://Instagram.com/conor_teague,,0,,,,,,,,,,,
1,0,1,0,@tengyanAI,https://x.com/tengyanAI,"43,100",,,you@firm.com,https://tessara.tech,,0,,,,,,,,,,,
1,0,1,0,@aaditsh,https://x.com/aaditsh,"522,968",,,"
",http://www.thenarrative.company,,0,,,,,,,,,,,
1,0,1,0,@TzDev_,https://x.com/TzDev_,"5,729",,,matthew@adventuregen.ai,https://www.tzstrategist.com,,0,,,,,,,,,,,
1,0,1,0,@asynctrix,https://x.com/asynctrix,"4,806",,,"
",,,0,,,,,,,,,,,
1,0,1,0,@sonofalli,https://x.com/sonofalli,"26,125",,,"
",,,0,,,,,,,,,,,
1,0,1,0,@ianlapham,https://x.com/ianlapham,"5,811",,,"
",,,0,,,,,,,,,,,
1,0,1,0,@jpschroeder,https://x.com/jpschroeder,"6,778",,,"
",https://dmux.ai,,0,,,,,,,,,,,
1,0,1,0,@JakeG_Official,https://x.com/JakeG_Official,"102,353",,,jakegtv101@gmail.com,https://youtube.com/@jakeg_official,,0,,,,,,,,,,,
1,0,1,0,@SpotifyLivies,https://x.com/SpotifyLivies,"6,538",,,"
",,,0,,,,,,,,,,,
1,0,1,0,@QuinnyPig,https://x.com/QuinnyPig,"101,673",,,"
",http://artificialconfidence.com,,0,,,,,,,,,,,
1,0,1,0,@mattpocockuk,https://x.com/mattpocockuk,"254,441",,,"
",https://aihero.dev,,0,,,,,,,,,,,
1,0,1,0,@alexeyguzey,https://x.com/alexeyguzey,"34,203",,,"alexey@guzey.com
advice@guzey.com
alexey@newscience.org",http://guzey.com,,0,,,,,,,,,,,
1,0,1,0,@TranslateMom,https://x.com/TranslateMom,"111,411",,,"
",http://translate.mom/ios,,0,,,,,,,,,,,
1,0,1,0,@caljamie14,https://x.com/caljamie14,"26,519",,,"
",,,0,,,,,,,,,,,
1,0,1,0,@bakbar8519,https://x.com/bakbar8519,"5,435",,@hippocrypto@bakbar8519,"
",https://t.me/hippocrypto,,0,,,,,,,,,,,
1,0,1,0,@torax_fi,https://x.com/torax_fi,"37,299",,,"
",,,0,,,,,,,,,,,
1,0,1,0,@sergiart5_,https://x.com/sergiart5_,"22,603",,,"
",https://www.inprnt.com/gallery/sergiarts/,,0,,,,,,,,,,,
1,0,1,0,@jayseeonsol,https://x.com/jayseeonsol,"11,735",,@jaysee27,"
",https://linktr.ee/Jessica_81,,0,,,,,,,,,,,
1,0,1,0,@ArtCelineLove,https://x.com/ArtCelineLove,"192,731",,,"
",,,0,,,,,,,,,,,
1,0,1,0,@igor_mikerin,https://x.com/igor_mikerin,"5,026",,,"
",http://polymarket.com/?r=iic,,0,,,,,,,,,,,
1,0,1,0,@The_MMW,https://x.com/The_MMW,"286,823",,,"
",https://themillennialmoneywoman.com/x/,,0,,,,,,,,,,,
1,0,1,0,@keikiXBT,https://x.com/keikiXBT,"15,905",,,"
",,,0,,,,,,,,,,,
1,0,1,0,@Lowski,https://x.com/Lowski,"12,511",,,"
",,,0,,,,,,,,,,,
1,0,1,0,@Zarahh_shinks,https://x.com/Zarahh_shinks,"13,321",,,"
",,,0,,,,,,,,,,,
1,0,1,0,@Chaos2Cured,https://x.com/Chaos2Cured,"14,122",,,"
",https://chaos2cured.github.io/FreeLattice/,,0,,,,,,,,,,,
1,0,1,0,@erequendi,https://x.com/erequendi,"76,585",,@erequendi,"
",https://t.me/erequendi,,0,,,,,,,,,,,
1,0,1,0,@PropKitchen,https://x.com/PropKitchen,"29,436",,,"
",https://beacons.ai/propkitchen,,0,,,,,,,,,,,
1,0,1,0,@Unnati_twts,https://x.com/Unnati_twts,"57,157",,,chhabraunnati234@gmail.com,https://github.com/unnati914,,0,,,,,,,,,,,
1,0,1,0,@onemalaikaa,https://x.com/onemalaikaa,"7,840",,,"
",,,0,,,,,,,,,,,
1,0,1,0,@Batmantallk,https://x.com/Batmantallk,"5,760",,,"
",,,0,,,,,,,,,,,
1,0,1,0,@spicy_exx,https://x.com/spicy_exx,"11,359",,,"
",,,0,,,,,,,,,,,
1,0,1,0,@In2ThinAir,https://x.com/In2ThinAir,"184,028",,,in2thinairnews@gmail.com,https://www.youtube.com/in2thinair,,0,,,,,,,,,,,
1,0,1,0,@jiabtc,https://x.com/jiabtc,"6,820",,,"
",,,0,,,,,,,,,,,
1,0,1,0,@hatman,https://x.com/hatman,"3,840",,,"
",http://medium.com/@whotfishatman,,0,,,,,,,,,,,
1,0,1,0,@Xfinanceclub,https://x.com/Xfinanceclub,"5,323",,,"
",,,0,,,,,,,,,,,
1,0,1,0,@tom_hirst,https://x.com/tom_hirst,"31,465",,,"
",https://tomhir.st/links,,0,,,,,,,,,,,
1,0,1,0,@CardinalMason,https://x.com/CardinalMason,"79,218",,,"
",,,0,,,,,,,,,,,
1,0,1,0,@DontezAkram,https://x.com/DontezAkram,"70,252",,,"
",https://trade.schoolofthreadedarts.com/tsa?el=twitter,,0,,,,,,,,,,,
1,0,1,0,@DanishSait,https://x.com/DanishSait,"351,367",,,"
",http://www.danishsait.com,,0,,,,,,,,,,,
1,0,1,0,@ItsDackie,https://x.com/ItsDackie,"133,968",,,"
",,,0,,,,,,,,,,,
1,0,1,0,@pamelafox,https://x.com/pamelafox,"25,616",,,"
",https://www.pamelafox.org,,0,,,,,,,,,,,
1,0,1,0,@SoveyX,https://x.com/SoveyX,"157,294",,,"
",,,0,,,,,,,,,,,
1,0,1,0,@Techriztm,https://x.com/Techriztm,"134,707",,@Techriztm@Techrizztm,"
",https://t.me/Techriztm,,0,,,,,,,,,,,
1,0,1,0,@hrswatigupta,https://x.com/hrswatigupta,"16,565",,,swatigupta4190@gmail.com,https://bytebuilders.beehiiv.com/subscribe,,0,,,,,,,,,,,
1,0,1,0,@Sana_ShahUk,https://x.com/Sana_ShahUk,"126,067",,@cryptooracle7,"
",http://t.me/cryptooracle7,,0,,,,,,,,,,,
1,0,1,0,@SejalSud,https://x.com/SejalSud,"151,540",,,ssudwork@gmail.com,https://youtube.com/channel/UCaTBVfF34POcHFRnnxz68oA,,0,,,,,,,,,,,
1,0,1,0,@aribk24,https://x.com/aribk24,"39,308",,,"email@email.com
aribkhan2004@gmail.com",http://arib.lol,,0,,,,,,,,,,,
1,0,1,0,@jparkjmc,https://x.com/jparkjmc,"7,938",,,enterprise@hillclimb.com,http://hillclimb.com,,0,,,,,,,,,,,
1,0,1,0,@RomainHedouin,https://x.com/RomainHedouin,"8,148",,,"
",https://ts.la/romain11436,,0,,,,,,,,,,,
1,0,1,0,@anulagarwal,https://x.com/anulagarwal,"5,315",,,"
",https://gameplaydev.substack.com/,,0,,,,,,,,,,,
1,0,1,0,@bindureddy,https://x.com/bindureddy,"197,437",,,"
",http://abacus.ai,,0,,,,,,,,,,,
1,0,1,0,@WellPaidGeek,https://x.com/WellPaidGeek,"102,170",,,"
",http://wellpaidgeek.substack.com,,0,,,,,,,,,,,
1,0,1,0,@SantoshYadavDev,https://x.com/SantoshYadavDev,"28,695",,,"
",http://youtube.com/@TechTalksWithSantosh,,0,,,,,,,,,,,
1,0,1,0,@Shivam25mishra,https://x.com/Shivam25mishra,"3,271",,,"
",https://github.com/Developer-shivamMishra,,0,,,,,,,,,,,
1,0,1,0,@berzan,https://x.com/berzan,"25,631",,,"
",https://github.com/berzanorg,,0,,,,,,,,,,,
1,0,1,0,@timsoulo,https://x.com/timsoulo,"50,973",,,"
",https://timsoulo.com,,0,,,,,,,,,,,
1,0,1,0,@CoffeeBeansDev,https://x.com/CoffeeBeansDev,"19,157",,,"
",http://s.team/a/2922570,,0,,,,,,,,,,,
1,0,1,0,@Pavel_Asparagus,https://x.com/Pavel_Asparagus,"18,571",,,"
",,,0,,,,,,,,,,,
1,0,1,0,@jacobrodri_,https://x.com/jacobrodri_,"31,133",,,"
",http://appkittie.com,,0,,,,,,,,,,,
1,0,1,0,@SashaKaletsky,https://x.com/SashaKaletsky,"6,037",,,"
",http://creator.ventures,,0,,,,,,,,,,,
1,0,1,0,@saxenasaheb,https://x.com/saxenasaheb,"17,279",,,"
",https://youtu.be/N4bFqW_eu2I?si=zGiQxyXMX95QMtVO,,0,,,,,,,,,,,
1,0,1,0,@flowith,https://x.com/flowith,"35,611",,,join@flo.ing,http://flowith.io/blank,,0,,,,,,,,,,,
1,0,1,0,@fullstackpython,https://x.com/fullstackpython,"90,395",,,"
",http://plushcap.com,,0,,,,,,,,,,,
1,0,1,0,@aigleeson,https://x.com/aigleeson,"21,145",,,"
",https://www.sentientagency.io/,,0,,,,,,,,,,,
1,0,1,0,@lindaxie,https://x.com/lindaxie,"168,408",,,"
",,,0,,,,,,,,,,,
1,0,1,0,@RaulJuncoV,https://x.com/RaulJuncoV,"34,472",,,"
",https://newsletter.systemdesignclassroom.com/,,0,,,,,,,,,,,
1,0,1,0,@donnywomacck,https://x.com/donnywomacck,"13,324",,,"
",,,0,,,,,,,,,,,
1,0,1,0,@venturetwins,https://x.com/venturetwins,"167,794",,,"
",,,0,,,,,,,,,,,
1,0,1,0,@Lootify_xyz,https://x.com/Lootify_xyz,"13,924",,,"
",,,0,,,,,,,,,,,
1,0,1,0,@acebet,https://x.com/acebet,"5,996",,,"
",https://tinyurl.com/AcebetFreeDollar,,0,,,,,,,,,,,
1,0,1,0,@AndyMasley,https://x.com/AndyMasley,"12,535",,,"
",http://AndyMasley.com,,0,,,,,,,,,,,
1,0,1,0,@icanvardar,https://x.com/icanvardar,"18,932",,,"
",https://relic.so,,0,,,,,,,,,,,
1,0,1,0,@AuthenticDom,https://x.com/AuthenticDom,"31,401",,,"
",https://calendly.com/domonicbusiness/scale,,0,,,,,,,,,,,
1,0,1,0,@arakharazian,https://x.com/arakharazian,"5,231",,,press@ramp.com,http://ramp.com/data,,0,,,,,,,,,,,
1,0,1,0,@bentossell,https://x.com/bentossell,"191,514",,,"
",https://bensbites.com,,0,,,,,,,,,,,
1,0,1,0,@_jxom,https://x.com/_jxom,"5,174",,,"
",http://github.com/jxom,,0,,,,,,,,,,,
1,0,1,0,@nabu_lines,https://x.com/nabu_lines,"83,836",,,"
",http://nabulines.com,,0,,,,,,,,,,,
1,0,1,0,@cailynyongyong,https://x.com/cailynyongyong,"8,608",,,"
",https://www.usemomo.com/,,0,,,,,,,,,,,
1,0,1,0,@Jacobsklug,https://x.com/Jacobsklug,"31,768",,,jane@mail.com,https://Creme.digital,,0,,,,,,,,,,,
1,0,1,0,@_zifan_wang,https://x.com/_zifan_wang,"3,023",,,thezifan@gmail.com,https://zifanw.github.io,,0,,,,,,,,,,,
1,0,1,0,@eliebakouch,https://x.com/eliebakouch,"14,008",,,"
",,,0,,,,,,,,,,,
1,0,1,0,@jiayuan_jy,https://x.com/jiayuan_jy,"109,421",,,"
",,,0,,,,,,,,,,,
1,0,1,0,@arcee_ai,https://x.com/arcee_ai,"10,410",,,"
",https://t.co/6gcSwU5nk3,,0,,,,,,,,,,,
1,0,1,0,@antonosika,https://x.com/antonosika,"79,111",,,"
",http://lovable.dev/careers,,0,,,,,,,,,,,
1,0,1,0,@vusta_sr,https://x.com/vusta_sr,"5,475",,,"
",,,0,,,,,,,,,,,
1,0,1,0,@neembu_paani31,https://x.com/neembu_paani31,"20,905",,,"
",https://www.instagram.com/skinnyiitian,,0,,,,,,,,,,,
1,0,1,0,@arankomatsuzaki,https://x.com/arankomatsuzaki,"170,195",,,"akomatsuzaki3@gatech.edu
aran1234321@gmail.com",https://arankomatsuzaki.wordpress.com/about-me/,,0,,,,,,,,,,,
1,0,1,0,@pranavcodes_,https://x.com/pranavcodes_,"5,349",,,"
",,,0,,,,,,,,,,,
1,0,1,0,@benln,https://x.com/benln,"94,707",,,b@langonline.com,http://www.benlang.me,,0,,,,,,,,,,,
1,0,1,0,@amorriscode,https://x.com/amorriscode,"29,219",,,"
",https://ezrasbookshelf.com,,0,,,,,,,,,,,
1,0,1,0,@dshukertjr,https://x.com/dshukertjr,"19,120",,,"abuse@supabase.com
help-events@supabase.com",https://supabase.com,,0,,,,,,,,,,,
1,0,1,0,@willccbb,https://x.com/willccbb,"42,231",,,w.brown@columbia.edu,http://willcb.com,,0,,,,,,,,,,,
1,0,1,0,@ebbyamir,https://x.com/ebbyamir,"16,843",,,"
",,,0,,,,,,,,,,,
1,0,1,0,@Harish_521,https://x.com/Harish_521,"11,719",,,xharish52@gmail.com,http://harish.world,,0,,,,,,,,,,,
1,0,1,0,@nitinsharma1,https://x.com/nitinsharma1,"13,912",,,user@domain.com,http://FirstPrinciplesVC.com,,0,,,,,,,,,,,
1,0,1,0,@askwhykartik,https://x.com/askwhykartik,"13,366",,,"
",http://flutteryourway.com,,0,,,,,,,,,,,
1,0,1,0,@MattPRD,https://x.com/MattPRD,"253,004",,,"
",http://moltbook.com,,0,,,,,,,,,,,
1,0,1,0,@TheAnkurTyagi,https://x.com/TheAnkurTyagi,"72,297",,,you@company.com,https://cal.com/ankur-tyagi,,0,,,,,,,,,,,
1,0,1,0,@eladgil,https://x.com/eladgil,"305,526",,,user@domain.com,https://www.eladgil.com/,,0,,,,,,,,,,,
1,0,1,0,@jluan,https://x.com/jluan,"12,349",,,"
",,,0,,,,,,,,,,,
1,0,1,0,@jennyzhangzt,https://x.com/jennyzhangzt,"6,380",,,"
",https://jennyzhangzt.com,,0,,,,,,,,,,,
1,0,1,0,@Raullen,https://x.com/Raullen,"62,936",,,"
",http://github.com/raullenchai,,0,,,,,,,,,,,
1,0,1,0,@housecor,https://x.com/housecor,"156,219",,,"
",http://pluralsight.com,,0,,,,,,,,,,,
1,0,1,0,@pirroh,https://x.com/pirroh,"13,825",,,"
",https://pirroh.fyi,,0,,,,,,,,,,,
1,0,1,0,@RobertJBye,https://x.com/RobertJBye,"25,823",,,"
",https://morrama.com,,0,,,,,,,,,,,
1,0,1,0,@FlorinPop17,https://x.com/FlorinPop17,"202,719",,,"
",https://TheMarketingOS.io,,0,,,,,,,,,,,
1,0,1,0,@hyhieu226,https://x.com/hyhieu226,"45,545",,,"
",,,0,,,,,,,,,,,
1,0,1,0,@saviomartin7,https://x.com/saviomartin7,"58,658",,,savio@result.dev,https://saviomartin.com,,0,,,,,,,,,,,
1,0,1,0,@thejustinwelsh,https://x.com/thejustinwelsh,"572,502",,,justinwelsh@hey.com,https://www.justinwelsh.me/subscribe,,0,,,,,,,,,,,
1,0,1,0,@lawrencekingyo,https://x.com/lawrencekingyo,"179,196",,,"
",http://www.closerkingdom.com,,0,,,,,,,,,,,
1,0,1,0,@DerekNee,https://x.com/DerekNee,"11,669",,,"d@flo.ing
name@email.com",https://dereknee.com,,0,,,,,,,,,,,
1,0,1,0,@Baconbrix,https://x.com/Baconbrix,"57,205",,,"
",https://evanbacon.dev,,0,,,,,,,,,,,
1,0,1,0,@konnex_world,https://x.com/konnex_world,"273,461",,@konnex_news,"
",https://linktr.ee/konnex_world,,0,,,,,,,,,,,
1,0,1,0,@KirkDBorne,https://x.com/KirkDBorne,"484,800",,,jubao@lingying.com,http://www.linkedin.com/in/kirkdborne,,0,,,,,,,,,,,
1,0,1,0,@kevinnguyendn,https://x.com/kevinnguyendn,"3,357",,,"
",https://www.byterover.dev,,0,,,,,,,,,,,
1,0,1,0,@marshal,https://x.com/marshal,"57,906",,@YOWuj91,"
",http://somewhere.com,,0,,,,,,,,,,,
1,0,1,0,@maxescu,https://x.com/maxescu,"34,460",,,"
",https://youtube.com/@supermaxai,,0,,,,,,,,,,,
1,0,1,0,@Pauline_Cx,https://x.com/Pauline_Cx,"34,953",,,"
",http://feedbask.com,,0,,,,,,,,,,,
1,0,1,0,@ariesnotebook,https://x.com/ariesnotebook,"23,170",,,your@email.com,http://shopilab.ai,,0,,,,,,,,,,,
1,0,1,0,@mrjonfinger,https://x.com/mrjonfinger,"24,324",,,"
",https://app.lumalabs.ai,,0,,,,,,,,,,,
1,0,1,0,@0xPaulius,https://x.com/0xPaulius,"24,043",,,"
",http://creatorhunter.io,,0,,,,,,,,,,,
1,0,1,0,@ivanburazin,https://x.com/ivanburazin,"13,324",,,"
",http://daytona.io,,0,,,,,,,,,,,
1,0,1,0,@JonathanRoss321,https://x.com/JonathanRoss321,"54,760",,,"
",https://www.nvidia.com,,0,,,,,,,,,,,
1,0,1,0,@mehulmpt,https://x.com/mehulmpt,"28,222",,,"
",https://mehulmohan.com/,,0,,,,,,,,,,,
1,0,1,0,@wizofecom,https://x.com/wizofecom,"162,700",,,"
",http://mogulmedia.ca/?el=x,,0,,,,,,,,,,,
1,0,1,0,@PaulYacoubian,https://x.com/PaulYacoubian,"44,819",,,name@website.com,http://copy.ai,,0,,,,,,,,,,,
1,0,1,0,@Neesh774,https://x.com/Neesh774,"3,630",,,"
",https://neesh.page,,0,,,,,,,,,,,
1,0,1,0,@robazem,https://x.com/robazem,"3,957",,,"
",https://www.instagram.com/robazem?igsh=MW5pb3JvMnU5Y3dmYQ%3D%3D&utm_source=qr,,0,,,,,,,,,,,
1,0,1,0,@siddharthkp,https://x.com/siddharthkp,"19,633",,,"
",https://sid.st,,0,,,,,,,,,,,
1,0,1,0,@official_taches,https://x.com/official_taches,"3,847",,,"
",https://github.com/glittercowboy/get-shit-done,,0,,,,,,,,,,,
1,0,1,0,@zhenthebuilder,https://x.com/zhenthebuilder,"6,922",,,"
",,,0,,,,,,,,,,,
1,0,1,0,@caffeineai,https://x.com/caffeineai,"25,807",,,"
",https://caffeine.ai/,,0,,,,,,,,,,,
1,0,1,0,@natmiletic,https://x.com/natmiletic,"67,315",,,"nat@cliowebsites.com
your@email.com",http://cliowebsites.com,,0,,,,,,,,,,,
1,0,1,0,@yongfook,https://x.com/yongfook,"155,280",,,"
",http://bannerbear.com,,0,,,,,,,,,,,
1,0,1,0,@humntech,https://x.com/humntech,"13,213",,@humantechofficial,"
",http://linktr.ee/human.tech,,0,,,,,,,,,,,
1,0,1,0,@kylegawley,https://x.com/kylegawley,"41,868",,,"
",http://usegravity.app,,0,,,,,,,,,,,
1,0,1,0,@cory,https://x.com/cory,"79,947",,,"
",http://zfellows.com,,0,,,,,,,,,,,
1,0,1,0,@DonutAI,https://x.com/DonutAI,"77,162",,,"
",http://d0.donutbrowser.ai/,,0,,,,,,,,,,,
1,0,1,0,@delba_oliveira,https://x.com/delba_oliveira,"54,807",,,"
",https://www.youtube.com/delba,,0,,,,,,,,,,,
1,0,1,0,@L0STE_,https://x.com/L0STE_,"3,287",,,"
",,,0,,,,,,,,,,,
1,0,0,0,@ItsKieranDrew,https://x.com/ItsKieranDrew,"237,465",,,,https://sucks.kierandrew.com?utm_source=x&utm_medium=bio&utm_campaign=default-campaign,,0,,,,,,,,,,,
1,0,1,0,@kagigz,https://x.com/kagigz,"4,585",,,"
",https://katia.gg,,0,,,,,,,,,,,
1,0,1,0,@gfodor,https://x.com/gfodor,"33,398",,,"
",,,0,,,,,,,,,,,
1,0,1,0,@Jeyffre,https://x.com/Jeyffre,"15,685",,,"
",http://rareskills.io,,0,,,,,,,,,,,
1,0,1,0,@jxmnop,https://x.com/jxmnop,"50,599",,,"
",http://jxmo.io,,0,,,,,,,,,,,
1,0,1,0,@joserosado,https://x.com/joserosado,"118,745",,,"
",https://withwebscale.com/,,0,,,,,,,,,,,
1,0,1,0,@vijaymichalik,https://x.com/vijaymichalik,"5,357",,,"
",http://vijay.info,,0,,,,,,,,,,,
1,0,1,0,@NiharikaSodhi,https://x.com/NiharikaSodhi,"34,070",,,"
",https://niharikaasodhi96.kit.com/profile,,0,,,,,,,,,,,
1,0,1,0,@boristane,https://x.com/boristane,"17,981",,,you@company.com,http://polylane.com,,0,,,,,,,,,,,
1,0,1,0,@onlinedopamine,https://x.com/onlinedopamine,"7,772",,,"fekri@mail.genviral.io
viktor@mail.genviral.io",https://genviral.io,,0,,,,,,,,,,,
1,0,1,0,@rileybrown,https://x.com/rileybrown,"170,016",,,"
",http://rileybrown.xyz,,0,,,,,,,,,,,
1,0,1,0,@_avichawla,https://x.com/_avichawla,"66,803",,,"
",https://join.dailydoseofds.com/,,0,,,,,,,,,,,
1,0,1,0,@gallabytes,https://x.com/gallabytes,"7,730",,,"
",,,0,,,,,,,,,,,
1,0,1,0,@Marmik_Patel19,https://x.com/Marmik_Patel19,"3,270",,,"
",https://marmikpatel.com,,0,,,,,,,,,,,
1,0,1,0,@Mascobot,https://x.com/Mascobot,"17,900",,,m@mascobot.com,https://www.mascobot.com,,0,,,,,,,,,,,
1,0,1,0,@Garrison_,https://x.com/Garrison_,"3,578",,,"
",http://MokiManager.com,,0,,,,,,,,,,,
1,0,1,0,@mmmbchang,https://x.com/mmmbchang,"5,471",,,"
",http://mbchang.github.io,,0,,,,,,,,,,,
1,0,1,0,@akyurekekin,https://x.com/akyurekekin,"6,352",,,akyurek@mit.edu,https://ekinakyurek.github.io,,0,,,,,,,,,,,
1,0,1,0,@JoshuaOgundu,https://x.com/JoshuaOgundu,"25,570",,,"
",https://tradesaretheway.com,,0,,,,,,,,,,,
1,0,1,0,@trondw,https://x.com/trondw,"4,035",,,"
",http://trond.ai,,0,,,,,,,,,,,
1,0,1,0,@joshua_xu_,https://x.com/joshua_xu_,"26,873",,,community@heygen.com,https://community.heygen.com/home/tags/customer-story-66e45038de1d07c469889485,,0,,,,,,,,,,,
1,0,1,0,@jbhuang0604,https://x.com/jbhuang0604,"77,035",,,"
",https://www.youtube.com/channel/UCkQS_dP6GJTmYnMlox-YiKQ,,0,,,,,,,,,,,
1,0,1,0,@chalaska,https://x.com/chalaska,"14,220",,,"
",http://halaskastudio.com,,0,,,,,,,,,,,
1,0,1,0,@aaronburnett,https://x.com/aaronburnett,"21,937",,,"
",https://www.33fg.com/,,0,,,,,,,,,,,
1,0,1,0,@0xSigil,https://x.com/0xSigil,"53,242",,,"
",http://web4.ai,,0,,,,,,,,,,,
1,0,1,0,@mchulet,https://x.com/mchulet,"3,171",,,mahesh@logitia.com,http://logitia.com,,0,,,,,,,,,,,
1,0,1,0,@Tiny_Fish,https://x.com/Tiny_Fish,"3,686",,,"
",http://TinyFish.ai,,0,,,,,,,,,,,
1,0,1,0,@iamneubert,https://x.com/iamneubert,"59,311",,,"
",http://iamneubert.com,,0,,,,,,,,,,,
1,0,1,0,@yt_igm,https://x.com/yt_igm,"14,035",,,"
",https://www.earnitmedia.com/,,0,,,,,,,,,,,
1,0,1,0,@eugeneyan,https://x.com/eugeneyan,"26,284",,,"
",https://eugeneyan.com,,0,,,,,,,,,,,
1,0,1,0,@mattmcilwain,https://x.com/mattmcilwain,"3,309",,,"
",,,0,,,,,,,,,,,
1,0,1,0,@SimonHoiberg,https://x.com/SimonHoiberg,"158,013",,,"
",http://www.feedhive.com,,0,,,,,,,,,,,
1,0,1,0,@felixrieseberg,https://x.com/felixrieseberg,"62,696",,,"
",http://electronjs.org,,0,,,,,,,,,,,
1,0,1,0,@ericzakariasson,https://x.com/ericzakariasson,"54,178",,,hi@cursor.com,http://cursor.com/@eric,,0,,,,,,,,,,,
1,0,1,0,@corbtt,https://x.com/corbtt,"19,887",,,"
",,,0,,,,,,,,,,,
1,0,1,0,@blvckledge,https://x.com/blvckledge,"72,892",,,"
",https://echelonn.io,,0,,,,,,,,,,,
1,0,1,0,@masteroogwgay,https://x.com/masteroogwgay,"40,862",,,"
",,,0,,,,,,,,,,,
1,0,1,0,@KellyClaudeAI,https://x.com/KellyClaudeAI,"13,021",,,"
",http://iamkelly.ai,,0,,,,,,,,,,,
1,0,1,0,@anabology,https://x.com/anabology,"59,050",,,founders@aion.bio,http://aion.bio,,0,,,,,,,,,,,
1,0,1,0,@jbrukh,https://x.com/jbrukh,"51,954",,,user@domain.com,https://brukhman.com,,0,,,,,,,,,,,
1,0,1,0,@iamtrask,https://x.com/iamtrask,"80,962",,,"
",https://andrewtrask.ai,,0,,,,,,,,,,,
1,0,1,0,@ai,https://x.com/ai,"49,896",,,"
",http://canonical.cc,,0,,,,,,,,,,,
1,0,1,0,@homebrewrobots,https://x.com/homebrewrobots,"3,434",,,"
",https://linktr.ee/hbrobots,,0,,,,,,,,,,,
1,0,1,0,@_0xaryan,https://x.com/_0xaryan,"9,110",,,"
",https://www.0xaryan.com,,0,,,,,,,,,,,
1,1,1,0,@yourclouddude,https://x.com/yourclouddude,"23,999",$100; $175; $125; rates are: • Single Post — $100 • Single Thread — $175 • QT + RT + Comment — $125 Rates are negotiable depending on the camp,,"
",https://t.co/dmySllL21u,,0,收到回复,,,,,,,,,,
1,0,1,0,@RemoraMarkets,https://x.com/RemoraMarkets,"19,190",,,"
",https://t.co/E32VhX86YV,,0,,,,,,,,,,,
1,1,1,0,@aryanlabde,https://x.com/aryanlabde,"5,594",$150-200 for a normal tweet,@aryanlabde,,http://snibet.app,,0,收到回复,,,,,,,,,,
1,0,1,0,@sahill_og,https://x.com/sahill_og,"5,978",,,"sahilsahu731709@gmail.com
sahilsahu731@gmail.com",https://sahil-sahu-portfolio.vercel.app/,,0,,,,,,,,,,,
1,0,1,0,@samuelcolvin,https://x.com/samuelcolvin,"19,989",,,"
",https://pydantic.dev/logfire,,0,,,,,,,,,,,
1,0,1,0,@KawzInvests,https://x.com/KawzInvests,"79,905",,,"
",http://asymmetricalbets.substack.com,,0,,,,,,,,,,,
1,0,1,0,@mattshumer_,https://x.com/mattshumer_,"365,815",,,mattshumermedia@gmail.com,http://agent-s.app,,0,,,,,,,,,,,
1,0,1,0,@VedikaBhaia,https://x.com/VedikaBhaia,"75,677",,,"
",http://www.sociallcapital.com,,0,,,,,,,,,,,
1,0,1,0,@billmondays,https://x.com/billmondays,"26,330",,,"
",,,0,,,,,,,,,,,
1,0,1,0,@adityaoberai,https://x.com/adityaoberai,"50,854",,,aditya@oberai.dev,https://oberai.dev,,0,,,,,,,,,,,
1,0,1,0,@milan_milanovic,https://x.com/milan_milanovic,"62,246",,,"
",https://newsletter.techworld-with-milan.com/,,0,,,,,,,,,,,
1,0,1,0,@dnaijatechguy,https://x.com/dnaijatechguy,"85,068",,,"
",https://beacons.ai/naijatechguy,,0,,,,,,,,,,,
1,0,1,0,@nicholasnlawton,https://x.com/nicholasnlawton,"3,705",,,"
",https://calendly.com/nlawton-2vu/ugc-consulting,,0,,,,,,,,,,,
1,0,1,0,@shafu0x,https://x.com/shafu0x,"15,053",,,"
",http://link.tryponcho.com/shafu0x,,0,,,,,,,,,,,
1,0,1,0,@sytaylor,https://x.com/sytaylor,"68,133",,,"
",http://fintechbrainfood.com,,0,,,,,,,,,,,
1,0,1,0,@Aazarshad,https://x.com/Aazarshad,"33,728",,,aazar@aazarshad.com,http://theperformers.io,,0,,,,,,,,,,,
1,0,1,0,@weswinder,https://x.com/weswinder,"11,707",,,"
",http://mvp.new,,0,,,,,,,,,,,
1,0,1,0,@ericzhu,https://x.com/ericzhu,"54,607",,,eric@aviato.co,https://ericzhu.com/,,0,,,,,,,,,,,
1,0,1,0,@TaylinSimmonds,https://x.com/TaylinSimmonds,"95,588",,,"
",https://substack.com/@taylinsimmonds,,0,,,,,,,,,,,
1,0,1,0,@SoraiaDev,https://x.com/SoraiaDev,"3,656",,,miromiro.app@gmail.com,http://MiroMiro.app,,0,,,,,,,,,,,
1,0,1,0,@TAbrodi,https://x.com/TAbrodi,"7,867",,,"
",https://tiger.engineer,,0,,,,,,,,,,,
1,0,1,0,@JamesonCamp,https://x.com/JamesonCamp,"92,000",,,"
",http://james.camp,,0,,,,,,,,,,,
1,0,1,0,@Suhail,https://x.com/Suhail,"417,034",,,suhail@playground.com,https://suhaildoshi.com/,,0,,,,,,,,,,,
1,0,1,0,@yq_acc,https://x.com/yq_acc,"91,190",,,"
",https://eth2030.com,,0,,,,,,,,,,,
1,0,1,0,@haris_chc,https://x.com/haris_chc,"11,350",,,"
",,,0,,,,,,,,,,,
1,0,1,0,@waronweakness,https://x.com/waronweakness,"192,023",,,eddy@eddyquan.com,https://join.eddyquan.com,,0,,,,,,,,,,,
1,0,1,0,@superpower,https://x.com/superpower,"20,083",,,"
",http://superpower.com,,0,,,,,,,,,,,
1,0,1,0,@consumerxai,https://x.com/consumerxai,"4,850",,,"
",http://agniverse.co,,0,,,,,,,,,,,
1,0,1,0,@jessegenet,https://x.com/jessegenet,"54,831",,,"
",,,0,,,,,,,,,,,
1,0,1,0,@mike_revenue,https://x.com/mike_revenue,"4,647",,,"
",http://Arkbridge.co,,0,,,,,,,,,,,
1,0,1,0,@0xgaut,https://x.com/0xgaut,"150,839",,,"
",,,0,,,,,,,,,,,
1,0,1,0,@seyong,https://x.com/seyong,"19,895",,,"
",,,0,,,,,,,,,,,
1,0,1,0,@goodfellow_ian,https://x.com/goodfellow_ian,"366,759",,,feedback@deeplearningbook.org,http://www.deeplearningbook.org,,0,,,,,,,,,,,
1,0,1,0,@askOkara,https://x.com/askOkara,"66,776",,,colleague@company.com,https://okara.ai/,,0,,,,,,,,,,,
1,0,1,0,@russellbrunson,https://x.com/russellbrunson,"127,609",,,"
",https://www.russellbrunson.com/home-page-page?utm_source=x&utm_medium=social_organic&utm_campaign=li,,0,,,,,,,,,,,
1,0,1,0,@notcodesid,https://x.com/notcodesid,"6,228",,,notcodesid@gmail.com,https://www.notcodesid.com/,,0,,,,,,,,,,,
1,0,1,0,@DecartAI,https://x.com/DecartAI,"20,465",,,"
",http://decart.ai,,0,,,,,,,,,,,
1,0,1,0,@geoffintech,https://x.com/geoffintech,"10,600",,,"
",,,0,,,,,,,,,,,
1,0,1,0,@panickssery,https://x.com/panickssery,"6,518",,,arjun.panickssery@gmail.com,https://arjunpanickssery.com/,,0,,,,,,,,,,,
1,0,1,0,@calcsam,https://x.com/calcsam,"14,213",,,you@company.com,http://mastra.ai/book,,0,,,,,,,,,,,
1,0,1,0,@miamabanta,https://x.com/miamabanta,"3,880",,,"
",http://firstharmonic.com,,0,,,,,,,,,,,
1,0,1,0,@vasuman,https://x.com/vasuman,"64,314",,,"
",http://varickagents.com,,0,,,,,,,,,,,
1,0,1,0,@meta_alchemist,https://x.com/meta_alchemist,"69,117",,,"
",http://agent.sparkswarm.ai,,0,,,,,,,,,,,
1,0,1,0,@IAmPascio,https://x.com/IAmPascio,"122,957",,,"
",https://join.pascio.com/,,0,,,,,,,,,,,
1,0,1,0,@giyu_codes,https://x.com/giyu_codes,"9,633",,,"
",,,0,,,,,,,,,,,
1,0,1,0,@gsd_foundation,https://x.com/gsd_foundation,"4,536",,,"
",,,0,,,,,,,,,,,
1,0,1,0,@thechangj,https://x.com/thechangj,"15,068",,,"
",,,0,,,,,,,,,,,
1,0,1,0,@sxtvik,https://x.com/sxtvik,"26,188",,,"
",,,0,,,,,,,,,,,
1,0,1,0,@serafimcloud,https://x.com/serafimcloud,"10,610",,,"
",,,0,,,,,,,,,,,
1,0,1,0,@mtholfsen,https://x.com/mtholfsen,"65,149",,,"
",https://www.youtube.com/miketholfsen,,0,,,,,,,,,,,
1,0,1,0,@hosun_chung,https://x.com/hosun_chung,"56,060",,,you@company.com,https://cal.com/team/revenueflow/revenueflow-gtm-strategy?utm_source=hos&utm_medium=x,,0,,,,,,,,,,,
1,0,1,0,@ibab,https://x.com/ibab,"109,043",,,ventures@babuschkin.de,https://babushk.in,,0,,,,,,,,,,,
1,0,1,0,@digitalix,https://x.com/digitalix,"20,843",,,"
",https://youtube.com/@azisk,,0,,,,,,,,,,,
1,0,1,0,@SteveNouri,https://x.com/SteveNouri,"14,224",,,jubao@lingying.com,https://www.linkedin.com/newsletters/6861893793654935552/,,0,,,,,,,,,,,
1,0,1,0,@firatbilal,https://x.com/firatbilal,"9,563",,,"
",http://instagram.com/firatbilal,,0,,,,,,,,,,,
1,0,1,0,@prof_g,https://x.com/prof_g,"23,983",,,"
",http://www.youtube.com/c/ProfGhristMath,,0,,,,,,,,,,,
1,0,1,0,@Alientrap,https://x.com/Alientrap,"16,035",,,"
",http://www.3delement.com,,0,,,,,,,,,,,
1,0,1,0,@josephhhhz,https://x.com/josephhhhz,"4,148",,,jxsephz@gmail.com,http://joseph.cv,,0,,,,,,,,,,,
1,0,1,0,@reggitales,https://x.com/reggitales,"3,039",,,regina@thirdlayer.inc,https://t.co/GyAouWLOYN,,0,,,,,,,,,,,
1,0,1,0,@hunterjisaacson,https://x.com/hunterjisaacson,"32,466",,,"
",https://bags.fm/?ref=hunter,,0,,,,,,,,,,,
1,0,1,0,@robin_faraj,https://x.com/robin_faraj,"8,948",,,"
",https://postel.app,,0,,,,,,,,,,,
1,0,1,0,@p0,https://x.com/p0,"15,370",,,"
",http://docs.parallel.ai,,0,,,,,,,,,,,
1,0,1,0,@HsanC_,https://x.com/HsanC_,"9,745",,,hasan@postplanify.com,http://postplanify.com,,0,,,,,,,,,,,
1,0,1,0,@mddanishyusuf,https://x.com/mddanishyusuf,"14,731",,,"
",http://superdevpro.com,,0,,,,,,,,,,,
1,0,1,0,@Pai3Ai,https://x.com/Pai3Ai,"5,576",,@PAI3Nation,"
",https://linktr.ee/PAI3ai,,0,,,,,,,,,,,
1,0,1,0,@theo,https://x.com/theo,"321,788",,,"
",https://t3.gg,,0,,,,,,,,,,,
1,0,1,0,@NirantK,https://x.com/NirantK,"15,901",,,"
",https://nirantk.com/,,0,,,,,,,,,,,
1,0,1,0,@oh_that_hat,https://x.com/oh_that_hat,"12,524",,,"
",,,0,,,,,,,,,,,
1,0,1,0,@agarwl_,https://x.com/agarwl_,"21,097",,,rishabhagarwal.467@gmail.com,https://agarwl.github.io,,0,,,,,,,,,,,
1,0,1,0,@rown,https://x.com/rown,"14,738",,,"
",http://rowanzellers.com,,0,,,,,,,,,,,
1,0,1,0,@_kaitodev,https://x.com/_kaitodev,"7,532",,,"
",https://kaitodev.com,,0,,,,,,,,,,,
1,0,1,0,@y0b1byte,https://x.com/y0b1byte,"24,650",,,yobibyte@mailbox.org,http://yobibyte.github.io/,,0,,,,,,,,,,,
1,0,1,0,@nbaschez,https://x.com/nbaschez,"48,007",,,"
",https://www.nathanbaschez.com,,0,,,,,,,,,,,
1,0,1,0,@aitordri,https://x.com/aitordri,"28,901",,,hi@aitor.dev,https://aitor.me,,0,,,,,,,,,,,
1,0,1,0,@realchillben,https://x.com/realchillben,"3,332",,,"
",,,0,,,,,,,,,,,
1,0,1,0,@tekbog,https://x.com/tekbog,"37,952",,,"
",http://clankercloud.ai,,0,,,,,,,,,,,
1,0,1,0,@deliprao,https://x.com/deliprao,"67,174",,,"
",https://deliprao.com,,0,,,,,,,,,,,
1,0,1,0,@KINETK_AI,https://x.com/KINETK_AI,"3,780",,,"
",https://www.kinetk.ai/,,0,,,,,,,,,,,
1,0,1,0,@peterhajas,https://x.com/peterhajas,"6,894",,,jeremy@jermolene.com,http://peter.haj.as,,0,,,,,,,,,,,
1,0,1,0,@albertorosasg,https://x.com/albertorosasg,"6,361",,,"
",https://github.com/rosasalberto,,0,,,,,,,,,,,
1,0,1,0,@NotLucknite,https://x.com/NotLucknite,"8,825",,,"
",,,0,,,,,,,,,,,
1,0,1,0,@notdvb,https://x.com/notdvb,"24,181",,,dvb@pikzels.com,http://notdvb.com,,0,,,,,,,,,,,
1,0,1,0,@forwarddeploy,https://x.com/forwarddeploy,"11,597",,,"
",,,0,,,,,,,,,,,
1,0,1,0,@AlexGDimakis,https://x.com/AlexGDimakis,"23,054",,,"gradadmissions@eecs.berkeley.edu
mengadmissions@eecs.berkeley.edu
cs-enrollments@cs.berkeley.edu",https://people.eecs.berkeley.edu/~alexdimakis/,,0,,,,,,,,,,,
1,0,1,0,@adxtyahq,https://x.com/adxtyahq,"25,180",,,2005ajha@gmail.com,https://www.adityajha.tech/,,0,,,,,,,,,,,
1,0,1,0,@elijahmuraoka_,https://x.com/elijahmuraoka_,"5,196",,,founders@soshi.io,http://tomoji.com,,0,,,,,,,,,,,
1,0,1,0,@KarelDoostrlnck,https://x.com/KarelDoostrlnck,"10,025",,,"
",,,0,,,,,,,,,,,
1,0,1,0,@davefontenot,https://x.com/davefontenot,"21,904",,,"
",http://HF0.com,,0,,,,,,,,,,,
1,0,1,0,@gabriberton,https://x.com/gabriberton,"14,014",,,bertongabri@gmail.com,https://gmberton.github.io/,,0,,,,,,,,,,,
1,0,1,0,@Bencera,https://x.com/Bencera,"29,767",,,"
",https://www.polsia.com/,,0,,,,,,,,,,,
1,0,1,0,@FurqanR,https://x.com/FurqanR,"30,894",,,"
",https://furqan.com,,0,,,,,,,,,,,
1,0,1,0,@jam3scampbell,https://x.com/jam3scampbell,"49,731",,,jamescampbell@cmu.edu,https://jamescampbell.me/,,0,,,,,,,,,,,
1,0,1,0,@Nick_Prince12,https://x.com/Nick_Prince12,"10,984",,,"
",,,0,,,,,,,,,,,
1,0,1,0,@RichardSocher,https://x.com/RichardSocher,"117,037",,,"richard@socher.org
user@domain.com",http://www.socher.org,,0,,,,,,,,,,,
1,0,1,0,@jerryjliu0,https://x.com/jerryjliu0,"73,278",,,"
",https://www.llamaindex.ai/careers,,0,,,,,,,,,,,
1,0,1,0,@c_valenzuelab,https://x.com/c_valenzuelab,"45,844",,,c@runwayml.com,https://cvalenzuelab.com/,,0,,,,,,,,,,,
1,0,1,0,@destraynor,https://x.com/destraynor,"46,184",,,"
",http://fin.ai,,0,,,,,,,,,,,
1,0,1,0,@JeffKirdeikis,https://x.com/JeffKirdeikis,"46,075",,,"
",https://jeffkirdeikis.com/,,0,,,,,,,,,,,
1,0,1,0,@lqiao,https://x.com/lqiao,"34,671",,,"
",http://fireworks.ai,,0,,,,,,,,,,,
1,0,1,0,@denny_zhou,https://x.com/denny_zhou,"38,547",,,"
",,,0,,,,,,,,,,,
1,0,1,0,@kchonyc,https://x.com/kchonyc,"84,168",,,"
",https://www.kyunghyuncho.me,,0,,,,,,,,,,,
1,0,1,0,@RealProductGirl,https://x.com/RealProductGirl,"3,451",,,"
",http://keepbuilding.dev,,0,,,,,,,,,,,
1,0,1,0,@TobiasWhetton,https://x.com/TobiasWhetton,"5,341",,,"
",https://tobias.so/,,0,,,,,,,,,,,
1,0,1,0,@steren,https://x.com/steren,"10,564",,,"marketing-studio-cloud-regional-pmms@google.com
marketing-studio-partners-regional-pmms@google.com
marketing-studio-workspace-regional-pmms@google.com",http://Cloud.Run,,0,,,,,,,,,,,
1,0,1,0,@akachacolate,https://x.com/akachacolate,"7,005",,,"
",,,0,,,,,,,,,,,
1,0,1,0,@AndrewLampinen,https://x.com/AndrewLampinen,"11,839",,,"
",http://lampinen.github.io,,0,,,,,,,,,,,
1,0,1,0,@jackfriks,https://x.com/jackfriks,"114,647",,,"
",http://jackfriks.com,,0,,,,,,,,,,,
1,1,1,0,@Shawnife,https://x.com/Shawnife,"160,111",£899 for a dedicated X thread and £597 for a dedicated X post,,hello@iseunife.com,https://www.theaicolony.com,,0,,,,,,,,,,,
1,0,1,0,@demi_guo_,https://x.com/demi_guo_,"25,425",,,"
",http://demiguo.me,,0,,,,,,,,,,,
1,0,1,0,@JeffSynthesized,https://x.com/JeffSynthesized,"8,783",,,user@domain.com,http://NeoCinemaAI.com,,0,,,,,,,,,,,
1,0,1,0,@timourxyz,https://x.com/timourxyz,"6,633",,,"
",https://www.timourkosters.com/,,0,,,,,,,,,,,
1,0,1,0,@tiyajain_,https://x.com/tiyajain_,"4,129",,,"
",http://lockin.club,,0,,,,,,,,,,,
1,0,1,0,@karlocreates,https://x.com/karlocreates,"9,978",,,"
",https://linktr.ee/karlocreates,,0,,,,,,,,,,,
1,0,1,0,@dennismuellr,https://x.com/dennismuellr,"19,960",,,care@amie.so,https://amie.so,,0,,,,,,,,,,,
1,0,1,0,@guohao_li,https://x.com/guohao_li,"13,252",,,"jennifer.m@globalmedia.com
your@email.com",https://www.eigent.ai/,,0,,,,,,,,,,,
1,0,1,0,@sethfowIer,https://x.com/sethfowIer,"17,169",,,sethfbusiness@gmail.com,http://linktr.ee/SethFowlerOnline,,0,,,,,,,,,,,
1,0,1,0,@TobyPhln,https://x.com/TobyPhln,"99,995",,,"
",,,0,,,,,,,,,,,
1,0,1,0,@shcallaway,https://x.com/shcallaway,"4,234",,,"
",https://github.com/shcallaway,,0,,,,,,,,,,,
1,0,1,0,@alexgkendall,https://x.com/alexgkendall,"16,179",,,"
",https://alexgkendall.com/,,0,,,,,,,,,,,
1,0,1,0,@annarmonaco,https://x.com/annarmonaco,"13,202",,,"
",http://annamona.co,,0,,,,,,,,,,,
1,0,1,0,@MakadiaHarsh,https://x.com/MakadiaHarsh,"229,818",,,"
",http://fuselioautomation.com,,0,,,,,,,,,,,
1,0,1,0,@ChristophMolnar,https://x.com/ChristophMolnar,"34,664",,,"
",http://amzn.to/3IA6Ar0,,0,,,,,,,,,,,
1,0,1,0,@DimaKrotov,https://x.com/DimaKrotov,"4,756",,,krotov.a.dmitry@gmail.com,https://dmitrykrotov.com/,,0,,,,,,,,,,,
1,0,1,0,@javilopen,https://x.com/javilopen,"127,130",,,"
",https://javilopen.substack.com/,,0,,,,,,,,,,,
1,0,1,0,@liambolling,https://x.com/liambolling,"9,946",,,"
",http://www.runrehearsals.com,,0,,,,,,,,,,,
1,0,1,0,@thoma_gu,https://x.com/thoma_gu,"6,037",,,jgu32@seas.upenn.edu,http://jiataogu.me,,0,,,,,,,,,,,
1,0,1,0,@fin465,https://x.com/fin465,"15,266",,,finn@origamiagents.com,https://origami.chat/,,0,,,,,,,,,,,
1,0,1,0,@DavidOndrej1,https://x.com/DavidOndrej1,"51,390",,,"
",https://www.skool.com/new-society,,0,,,,,,,,,,,
1,0,1,0,@lewiscarhart,https://x.com/lewiscarhart,"10,134",,,"
",https://go.trycomp.ai/lc,,0,,,,,,,,,,,
1,0,1,0,@puresoul0109,https://x.com/puresoul0109,"16,667",,,"
",https://t.co/ffwybPaTZK,,0,,,,,,,,,,,
1,0,1,0,@AlexaKayman,https://x.com/AlexaKayman,"4,109",,,"
",http://novaintelligence.com,,0,,,,,,,,,,,
1,0,1,0,@NevFlynn,https://x.com/NevFlynn,"9,286",,,"
",http://wrap.so,,0,,,,,,,,,,,
1,0,1,0,@DhravyaShah,https://x.com/DhravyaShah,"57,858",,,"
",https://git.new/memory,,0,,,,,,,,,,,
1,0,1,0,@JonahBlake,https://x.com/JonahBlake,"89,833",,,"
",https://liveframe.agency/,,0,,,,,,,,,,,
1,0,1,0,@itsericlay,https://x.com/itsericlay,"9,265",,,jubao@lingying.com,http://linkedin.com/in/ericlay-virio,,0,,,,,,,,,,,
1,0,1,0,@thisisgrantlee,https://x.com/thisisgrantlee,"42,323",,,"
",http://gamma.app,,0,,,,,,,,,,,
1,0,1,0,@_vargaalex,https://x.com/_vargaalex,"12,923",,,you@company.com,https://cal.com/oukline-intro/20min,,0,,,,,,,,,,,
1,0,1,0,@gravicle,https://x.com/gravicle,"12,617",,,"
",https://lumalabs.ai,,0,,,,,,,,,,,
1,0,1,0,@basit_designs,https://x.com/basit_designs,"21,474",,,"
",http://Grainient.supply,,0,,,,,,,,,,,
1,0,1,0,@alexkehr,https://x.com/alexkehr,"32,534",,,alexkehr@gmail.com,https://www.alexkehr.com/,,0,,,,,,,,,,,
1,0,1,0,@Officialwhyte22,https://x.com/Officialwhyte22,"28,071",,,"
",https://chat.whatsapp.com/Hxk5xa5SKeo5kKRqFacacQ?mode=gi_t,,0,,,,,,,,,,,
1,0,1,0,@bbssppllvv,https://x.com/bbssppllvv,"11,225",,,"
",,,0,,,,,,,,,,,
1,0,1,0,@mignano,https://x.com/mignano,"36,623",,,"
",http://migna.no,,0,,,,,,,,,,,
1,0,1,0,@billyuchenlin,https://x.com/billyuchenlin,"26,233",,,bill@yuchenlin.xyz,http://yuchenlin.xyz,,0,,,,,,,,,,,
1,0,1,0,@fabrice_mayrand,https://x.com/fabrice_mayrand,"9,316",,,"
",http://keak.com,,0,,,,,,,,,,,
1,0,1,0,@marianoaavila,https://x.com/marianoaavila,"4,580",,,"
",,,0,,,,,,,,,,,
1,0,1,0,@jordwalke,https://x.com/jordwalke,"66,548",,,"
",http://www.github.com/jordwalke,,0,,,,,,,,,,,
1,0,1,0,@daniel_dhawan,https://x.com/daniel_dhawan,"11,984",,@theshadowagent,your@email.com,http://danieldhawan.com,,0,,,,,,,,,,,
1,0,1,0,@_sankyy,https://x.com/_sankyy,"15,202",,,"
",http://invideo.io,,0,,,,,,,,,,,
1,0,1,0,@aidaniil,https://x.com/aidaniil,"3,586",,,"
",http://sparkles.dev/careers,,0,,,,,,,,,,,
1,0,1,0,@bigdatasumit,https://x.com/bigdatasumit,"19,479",,,"
",http://TrendyTech.in,,0,,,,,,,,,,,
1,0,1,0,@DevvMandal,https://x.com/DevvMandal,"5,191",,,"
",https://www.markovstudios.com/,,0,,,,,,,,,,,
1,0,1,0,@lcastricato,https://x.com/lcastricato,"4,977",,,"
",,,0,,,,,,,,,,,
1,0,1,0,@sdamico,https://x.com/sdamico,"33,327",,,wally@impulselabs.com,http://impulselabs.com,,0,,,,,,,,,,,
1,0,1,0,@eyad_khrais,https://x.com/eyad_khrais,"19,901",,,"
",https://www.varickagents.com/newsletter,,0,,,,,,,,,,,
1,0,1,0,@RoxCodes,https://x.com/RoxCodes,"22,198",,,doac@flightstory.com,http://Flightcast.com,,0,,,,,,,,,,,
1,0,1,0,@paularambles,https://x.com/paularambles,"35,654",,,"
",http://tolans.com,,0,,,,,,,,,,,
1,0,1,0,@SaidAitmbarek,https://x.com/SaidAitmbarek,"13,327",,@microlaunch,microlaunch@stimpack.io,http://microlaunch.net,,0,,,,,,,,,,,
1,0,1,0,@Reza_Zadeh,https://x.com/Reza_Zadeh,"33,332",,,"
",http://reza.ai,,0,,,,,,,,,,,
1,0,1,0,@adisingh,https://x.com/adisingh,"4,977",,,"
",http://agentmail.to,,0,,,,,,,,,,,
1,0,0,0,@PrimalNick,https://x.com/PrimalNick,"3,809",,,,https://www.drafted.ai/,,0,,,,,,,,,,,
1,0,0,0,@martinleblanc,https://x.com/martinleblanc,"8,195",,,"
",http://www.freepik.com,,0,,,,,,,,,,,
1,0,0,0,@davey_burke,https://x.com/davey_burke,"21,268",,,"
",,,0,,,,,,,,,,,
1,0,0,0,@gneubig,https://x.com/gneubig,"42,887",,,"
",http://www.phontron.com,,0,,,,,,,,,,,
1,0,0,0,@pmitu,https://x.com/pmitu,"22,051",,,"
",https://www.foundbase.pro/,,0,,,,,,,,,,,
1,0,0,0,@MorganOMedia,https://x.com/MorganOMedia,"21,656",,,"
",http://FreelancerFiles.com,,0,,,,,,,,,,,
1,0,0,0,@HelloShreyas,https://x.com/HelloShreyas,"13,299",,,"
",,,0,,,,,,,,,,,
1,0,0,0,@ConejoCapital,https://x.com/ConejoCapital,"21,419",,,"
",http://clawpump.tech,,0,,,,,,,,,,,
1,0,0,0,@matanSF,https://x.com/matanSF,"17,394",,,"
",http://factory.com,,0,,,,,,,,,,,
1,0,0,0,@flybayer,https://x.com/flybayer,"14,179",,,"
",https://flightcontrol.dev,,0,,,,,,,,,,,
1,0,0,0,@yashjhade,https://x.com/yashjhade,"7,099",,,"
",,,0,,,,,,,,,,,
1,0,0,0,@gstsdn,https://x.com/gstsdn,"12,162",,,augustus.odena@gmail.com,http://www.augustusodena.com/,,0,,,,,,,,,,,
1,0,0,0,@Xinyu2ML,https://x.com/Xinyu2ML,"5,030",,,xinyuagi@cmu.edu,https://xinyuyang.me/,,0,,,,,,,,,,,
1,0,0,0,@alexmashrabov,https://x.com/alexmashrabov,"8,452",,,"
",http://higgsfield.ai,,0,,,,,,,,,,,
1,0,0,0,@hidecloud,https://x.com/hidecloud,"29,055",,,"
",https://manus.im,,0,,,,,,,,,,,
1,0,0,0,@steventey,https://x.com/steventey,"57,118",,,,https://steven.link/dub,,0,,,,,,,,,,,
1,0,0,0,@weberwongwong,https://x.com/weberwongwong,"10,694",,,"
",http://florafauna.ai,,0,,,,,,,,,,,
1,0,0,0,@jamesclift,https://x.com/jamesclift,"8,187",,,,http://durable.com,,0,,,,,,,,,,,
1,0,0,0,@WilliamWangNLP,https://x.com/WilliamWangNLP,"20,653",,,"
",http://ChipAgents.ai,,0,,,,,,,,,,,
0,0,0,0,@AiwithZohaib,https://x.com/aiwithzohaib,"28,262",,,awaisabbas413800@gmail.com,,2026-07-22 bd@mangolabs.org 初次邮件已发送；等待回复,0,,0,,,,,,,,,
0,1,1,0,@humzaakhalid,https://x.com/humzaakhalid,"60,129",Media kit and rates available on request,Reply alias: hello@aiinpublic.com,hello@aiinpublic.com,,Positive reply 2026-07-23: Sponsored X posts; threads; LinkedIn posts; carousels; demos; walkthrough videos; launches; content series; articles; newsletter placements; cheatsheets; testing; multi-channel campaigns; audience United States; United Kingdom; Europe; Canada; Middle East; Asia; preferred Email,1,Keep in partner pool; request media kit and case studies for a matching multi-channel brief,0,,,,,,,,,
0,1,1,0,@iam_mian7,https://x.com/iam_mian7,"37,227",Tailored to campaign scope and deliverables,WhatsApp +44 7460 023725,aimarketing228@gmail.com,,Positive reply 2026-07-23: Quote posts; sponsored posts; threads; articles; audience United Kingdom; United States; preferred WhatsApp +44 7460 023725,1,Keep in partner pool; request scoped pricing against an approved budget,0,,,,,,,,,
0,1,0,0,@KhusbooT14835,https://x.com/khusboot14835,"68,637",Flexible; negotiable,,khusbootayal802@gmail.com,https://www.passionfroot.me/khusboo-tayal,Positive reply 2026-07-22: Sponsored posts; X threads; quote posts; LinkedIn; demos; reviews; launches; product testing; audience United States; United Kingdom; India; Europe; preferred Email; phone +91 8307570410,1,Keep in partner pool; use email and Passionfroot for a matching brief,0,,,,,,,,,
0,1,1,0,@ZenithAiLab,https://x.com/zenithailab,"82,707",Sponsored X Post $120; X Thread $350; Post + Short Video $200,Audience insights attached,zenithailabpartner@gmail.com,,Positive reply 2026-07-22: Sponsored X post; X thread; post plus short video; audience Audience insights attached; preferred Email,1,Keep in partner pool; review attached audience insights when matching a brief,0,,,,,,,,,
0,1,0,0,@VictoriaBlddd,https://x.com/victoriablddd,"37,413",Thread $150; Single $100; QRT $70,,victoriabladd@gmail.com,,Positive reply 2026-07-22: Thread Post; Single Post; Quote Repost; audience United States; Europe; other English-speaking regions; preferred WhatsApp or official X DM,1,Keep in partner pool; choose official X DM or provide approved WhatsApp when a matching brief exists,0,,,,,,,,,
0,0,0,0,@CaliraVal,https://x.com/caliraval,"6,015",,,caliraval@gmail.com,,2026-07-22 bd@mangolabs.org 初次邮件已发送；等待回复,0,,0,,,,,,,,,
0,0,0,0,@shamimai1,https://x.com/shamimai1,"16,615",,,mdshamimhossainosman444@gmail.com,,2026-07-22 bd@mangolabs.org 初次邮件已发送；等待回复,0,,0,,,,,,,,,
0,0,0,0,@AiWithSaira,https://x.com/aiwithsaira,"15,779",,,aiwithsaira@gmail.com,,2026-07-22 bd@mangolabs.org 初次邮件已发送；等待回复,0,,0,,,,,,,,,
0,1,0,0,@DilshadAI1,https://x.com/dilshadai1,"9,217",Discuss by campaign scope and budget,,dilshadhussain2577@gmail.com,,Positive reply 2026-07-22: Sponsored posts; threads; quote posts; launches; demos; reviews; AI campaigns; audience United States; other countries; preferred Email,1,Keep in partner pool; request scoped rate when a matching brief exists,0,,,,,,,,,
0,1,1,0,@EmirAILab,https://x.com/emirailab,"22,007",Media kit and rates available by scope,@emirailab,emirailab10@gmail.com,,Positive reply 2026-07-22: Sponsored X posts; quote posts; threads; demos; launches; tutorials; testing; long-term; TikTok; Instagram; Threads; audience United States; United Kingdom; Europe; Asia; preferred Email; X DM; Telegram @emirailab; WhatsApp +44 7960 016350,1,Keep in partner pool; request media kit and scoped pricing for a matching brief,0,,,,,,,,,
0,1,0,0,@HaniaAi12,https://x.com/haniaai12,"10,726",$80-$100 per sponsored X post/thread depending on scope,,haniaai7532@gmail.com,,Positive reply 2026-07-24: Sponsored posts; threads; AI tool promotions; product launches; product demos; reviews; audience United States; English-speaking; preferred Email,1,Keep in partner pool; use email for a matching brief,0,,,,,,,,,
0,1,0,0,@I_Muhammadali44,https://x.com/i_muhammadali44,"10,019",Thread $150; Single $100; Quote $50,,theeducator04@gmail.com,,Positive reply 2026-07-22: Sponsored X thread; single post; quote post; demos; reviews; launches; testing; audience United States; international English-speaking markets; preferred Email,1,Keep in partner pool; contact by email for a matching brief,0,,,,,,,,,
0,1,1,0,@Inshrah_ali_,https://x.com/inshrah_ali_,"15,977",Not provided,Official X chat,inshrahali470@gmail.com,,Positive reply 2026-07-23: Sponsored X posts; threads; AI product demos; launches; reviews; UGC-style content; testing; long-term partnerships; audience United States; United Kingdom; Europe; global tech communities; preferred Official X chat,1,Keep in partner pool; use official X chat for a matching brief,0,,,,,,,,,
0,1,1,0,@ech0_speaks,https://x.com/ech0_speaks,"49,797",Zoaina Thread $200 Single $100 Quote $50; Elara Grace Thread $250 Single $150 Quote $50; Echo Thread $400 Single $200 Quote $60,WhatsApp +92 322 1730877,eechospeaks@gmail.com,,Positive reply 2026-07-22: Thread; single post; quote post; comments and likes; three-account bundle; audience English-speaking audience; preferred Email; WhatsApp +92 322 1730877,1,Keep all three disclosed accounts in partner pool; request bundle proposal for a matching brief,0,,,,,,,,,
0,0,0,0,@AiwithLariab,https://x.com/aiwithlariab,"3,242",,,laraibfatima888@gmail.com,,2026-07-22 硬退信 550 5.1.1；邮箱不存在；已停止联系,0,永久抑制，勿再发送,0,,,,,,,,,
0,0,0,0,@Arslandev97,https://x.com/arslandev97,"6,201",,,hello@arslandev.com,https://arslandev.com,2026-07-22 bd@mangolabs.org 初次邮件已发送；等待回复,0,,0,,,,,,,,,
0,0,0,0,@DrCABerry,https://x.com/drcaberry,"13,912",,,carlotta@noiresteminist.com,https://www.noiresteminist.com/press-kit,2026-07-22 bd@mangolabs.org 初次邮件已发送；等待回复,0,,0,,,,,,,,,
0,1,1,0,@AinaAiTech,https://x.com/ainaaitech,"42,094",Single X Post $100; Quote Post/Repost $80; Thread $280; X Post + Short Video $180,WhatsApp +971 50 451 9209,ainaaicollab@gmail.com,,Positive reply 2026-07-22: Sponsored X posts; quote posts and reposts; threads; product launches; AI tool reviews; ambassador partnerships; audience English-speaking markets; international; preferred Email; WhatsApp +971 50 451 9209,1,Keep in partner pool; request a custom package for larger or long-term briefs,0,,,,,,,,,
0,0,0,0,@mrdejie,https://x.com/mrdejie,"9,570",,,marketing.mrdejie@gmail.com,,2026-07-22 bd@mangolabs.org 初次邮件已发送；等待回复,0,,0,,,,,,,,,
0,0,0,0,@chamakin_ai,https://x.com/chamakin_ai,"11,463",,,hello@chamakmedia.com,https://chamakmedia.com,2026-07-22 bd@mangolabs.org 初次邮件已发送；等待回复,0,,0,,,,,,,,,
0,0,0,0,@odelioglu,https://x.com/odelioglu,"9,912",,,partnership@odel.dev,https://odel.dev,2026-07-22 bd@mangolabs.org 初次邮件已发送；等待回复,0,,0,,,,,,,,,
0,0,0,0,@fAIkout,https://x.com/faikout,"3,104",,,info@faikout.com,https://faikout.com,2026-07-22 bd@mangolabs.org 初次邮件已发送；等待回复,0,,0,,,,,,,,,
0,0,0,0,@CTRBooster75,https://x.com/ctrbooster75,"6,019",,,contact@julienctr.fr,https://julienctr.fr,2026-07-22 bd@mangolabs.org 初次邮件已发送；等待回复,0,,0,,,,,,,,,
0,0,0,0,@AItechscarlett,https://x.com/aitechscarlett,"74,406",,,aitechscarlett@gmail.com,,2026-07-22 bd@mangolabs.org 初次邮件已发送；等待回复,0,,0,,,,,,,,,
0,0,0,0,@DelRey,https://x.com/delrey,"36,780",,,jason@readtheaisle.com,https://readtheaisle.com,2026-07-22 bd@mangolabs.org 初次邮件已发送；等待回复,0,,0,,,,,,,,,
0,0,0,0,@AIScout22,https://x.com/aiscout22,"14,782",,,aiscout21@gmail.com,,2026-07-23 bd@mangolabs.org 初次邮件已发送；等待回复,0,,0,,,,,,,,,
0,1,0,0,@Jawad_Rahman_,https://x.com/jawad_rahman_,"10,038",Varies by scope and deliverables,,dirijawad91@gmail.com,,Positive reply 2026-07-23: Sponsored posts; product demos; launch campaigns; other collaborations; audience Global; English; preferred Email; WhatsApp +880 1906-538180; Telegram @Jawad_Rah,1,Keep in partner pool; review attached audience analytics when matching a brief,0,,,,,,,,,
0,1,0,0,@nawalsehar,https://x.com/nawalsehar,"8,008",X thread $150; X post $100; quote repost $50,,contact.nawalsehar@gmail.com,,Positive reply 2026-07-23: X thread; X post; quote repost; audience English-speaking; preferred Email,1,Keep in partner pool for AI creative briefs,0,,,,,,,,,
0,1,0,0,@TedCruz1072676,https://x.com/tedcruz1072676,"20,087",Not provided,,tedc7761@gmail.com,,Positive reply 2026-07-23: Interested; formats not specified; audience Not provided; preferred Email,1,Keep in partner pool; request formats audience and rates for a matching brief,0,,,,,,,,,
0,1,0,0,@UrMeer289,https://x.com/urmeer289,"8,773",Flexible to requirements and budget,,muhammadchakar759@gmail.com,,Positive reply 2026-07-23: Single post; thread; quote post; audience Not provided; preferred Email,1,Keep in partner pool; request scoped pricing for a matching brief,0,,,,,,,,,
0,1,0,0,@heyshrutimishra,https://x.com/heyshrutimishra,"181,174",Not provided,,hey@shrutimishra.co,,Positive reply 2026-07-23: Sponsored posts; product demos; structured product testing; audience United States; English; preferred Email,1,Keep in partner pool; request pricing for a matching brief,0,,,,,,,,,
0,0,0,0,@irisneural,https://x.com/irisneural,"56,326",,,theirishayes@gmail.com,,2026-07-23 bd@mangolabs.org 初次邮件已发送；等待回复,0,,0,,,,,,,,,
0,1,0,0,@Just_sharon7,https://x.com/just_sharon7,"45,546",Quote tweet $50; single post $70; thread $120,,marketing6415@gmail.com,,Positive reply 2026-07-23: Single post; quote tweet; thread; audience United States; Europe; English-speaking; preferred Email,1,Keep in partner pool; use X profile as media kit,0,,,,,,,,,
0,1,0,0,@Logical_Girll,https://x.com/logical_girll,"47,087",Dedicated thread $300; single X post $200; quote tweet $80,,infralabsai@gmail.com,,Positive reply 2026-07-23: Dedicated X posts; quote tweets; threads; product demos; launch campaigns; structured product testing; audience United States; global tech markets; English; preferred Email; WhatsApp number not provided,1,Keep in partner pool; ask for teammate referrals only when a matching brief exists,0,,,,,,,,,
0,1,0,0,@james_bonds0,https://x.com/james_bonds0,"14,549",Media kit and rates available by campaign,,jamesbond857728@gmail.com,,Positive reply 2026-07-23: Sponsored X posts; threads; quote posts; product reviews; walkthroughs; AI tool tutorials; launch campaigns; audience United States; Europe; South Asia; global; English; Bengali; preferred Email,1,Keep in partner pool; request media kit for a matching brief,0,,,,,,,,,
0,1,0,0,@aiwithaly,https://x.com/aiwithaly,"2,988",X thread $100; X post $50; quote repost $30,,aiwithaliii@gmail.com,,Positive reply 2026-07-23: X thread; X post; quote repost; audience Japan; United States; English; preferred Email,1,Keep in partner pool for AI creative briefs,0,,,,,,,,,
0,0,0,0,@ayeshaafzal55,https://x.com/ayeshaafzal55,"2,825",,,ashaafzal01@gmail.com,,2026-07-23 bd@mangolabs.org 初次邮件已发送；等待回复,0,,0,,,,,,,,,
0,0,0,0,@DaniaSafvi,https://x.com/daniasafvi,"2,427",,,daniasafvi@gmail.com,,2026-07-23 bd@mangolabs.org 初次邮件已发送；等待回复,0,,0,,,,,,,,,
0,0,0,0,@JackdeS11,https://x.com/jackdes11,"1,063",,,rockyshikoku@gmail.com,,2026-07-23 bd@mangolabs.org 初次邮件已发送；等待回复,0,,0,,,,,,,,,
0,0,0,0,@wthzaru,https://x.com/wthzaru,"2,201",,,shakeelahmed86@gmail.com,,2026-07-23 bd@mangolabs.org 初次邮件已发送；等待回复,0,,0,,,,,,,,,
0,0,0,0,@ZoeyBennettAi,https://x.com/zoeybennettai,"163,217",,,zoeybennettai@gmail.com,,2026-07-23 bd@mangolabs.org 初次邮件已发送；等待回复,0,,0,,,,,,,,,
0,0,0,0,@AIwithAliya,https://x.com/aiwithaliya,"14,451",,,outdoorliving486@gmail.com,,2026-07-23 bd@mangolabs.org 初次邮件已发送；等待回复,0,,0,,,,,,,,,
0,1,0,0,@AIwithJessica,https://x.com/aiwithjessica,"15,393",Single post $60; quote retweet $40; thread $100,,futurewithjessy@gmail.com,,Positive reply 2026-07-23: Single post; quote retweet; thread; audience Singapore; United States; Canada; preferred Email,1,Keep in partner pool; use X profile as media kit,0,,,,,,,,,
0,0,0,0,,,,,,,,,,,,,,,,,,,,
0,0,0,0,,,,,,,,,,,,,,,,,,,,
0,0,0,0,,,,,,,,,,,,,,,,,,,,
0,0,0,0,,,,,,,,,,,,,,,,,,,,
0,0,0,0,,,,,,,,,,,,,,,,,,,,
0,0,0,0,,,,,,,,,,,,,,,,,,,,
0,0,0,0,,,,,,,,,,,,,,,,,,,,
0,0,0,0,,,,,,,,,,,,,,,,,,,,
0,0,0,0,,,,,,,,,,,,,,,,,,,,
0,0,0,0,,,,,,,,,,,,,,,,,,,,
0,0,0,0,,,,,,,,,,,,,,,,,,,,
0,0,0,0,,,,,,,,,,,,,,,,,,,,
0,0,0,0,,,,,,,,,,,,,,,,,,,,
0,0,0,0,,,,,,,,,,,,,,,,,,,,
0,0,0,0,,,,,,,,,,,,,,,,,,,,
0,0,0,0,,,,,,,,,,,,,,,,,,,,
0,0,0,0,,,,,,,,,,,,,,,,,,,,
0,0,0,0,,,,,,,,,,,,,,,,,,,,
0,0,0,0,,,,,,,,,,,,,,,,,,,,
0,0,0,0,,,,,,,,,,,,,,,,,,,,
0,0,0,0,,,,,,,,,,,,,,,,,,,,
0,0,0,0,,,,,,,,,,,,,,,,,,,,
0,0,0,0,,,,,,,,,,,,,,,,,,,,
0,0,0,0,,,,,,,,,,,,,,,,,,,,
0,0,0,0,,,,,,,,,,,,,,,,,,,,
0,0,0,0,,,,,,,,,,,,,,,,,,,,
0,0,0,0,,,,,,,,,,,,,,,,,,,,
0,0,0,0,,,,,,,,,,,,,,,,,,,,
0,0,0,0,,,,,,,,,,,,,,,,,,,,
0,0,0,0,,,,,,,,,,,,,,,,,,,,
0,0,0,0,,,,,,,,,,,,,,,,,,,,
0,0,0,0,,,,,,,,,,,,,,,,,,,,
0,0,0,0,,,,,,,,,,,,,,,,,,,,
0,0,0,0,,,,,,,,,,,,,,,,,,,,
0,0,0,0,,,,,,,,,,,,,,,,,,,,
0,0,0,0,,,,,,,,,,,,,,,,,,,,
0,0,0,0,,,,,,,,,,,,,,,,,,,,
0,0,0,0,,,,,,,,,,,,,,,,,,,,
0,0,0,0,,,,,,,,,,,,,,,,,,,,
0,0,0,0,,,,,,,,,,,,,,,,,,,,
0,0,0,0,,,,,,,,,,,,,,,,,,,,
0,0,0,0,,,,,,,,,,,,,,,,,,,,
0,0,0,0,,,,,,,,,,,,,,,,,,,,
0,0,0,0,,,,,,,,,,,,,,,,,,,,
0,0,0,0,,,,,,,,,,,,,,,,,,,,
0,0,0,0,,,,,,,,,,,,,,,,,,,,
0,0,0,0,,,,,,,,,,,,,,,,,,,,
0,0,0,0,,,,,,,,,,,,,,,,,,,,
0,0,0,0,,,,,,,,,,,,,,,,,,,,
0,0,0,0,,,,,,,,,,,,,,,,,,,,
0,0,0,0,,,,,,,,,,,,,,,,,,,,
0,0,0,0,,,,,,,,,,,,,,,,,,,,
0,0,0,0,,,,,,,,,,,,,,,,,,,,
0,0,0,0,,,,,,,,,,,,,,,,,,,,
0,0,0,0,,,,,,,,,,,,,,,,,,,,
0,0,0,0,,,,,,,,,,,,,,,,,,,,
0,0,0,0,,,,,,,,,,,,,,,,,,,,
0,0,0,0,,,,,,,,,,,,,,,,,,,,
0,0,0,0,,,,,,,,,,,,,,,,,,,,
0,0,0,0,,,,,,,,,,,,,,,,,,,,
0,0,0,0,,,,,,,,,,,,,,,,,,,,
0,0,0,0,,,,,,,,,,,,,,,,,,,,
0,0,0,0,,,,,,,,,,,,,,,,,,,,
0,0,0,0,,,,,,,,,,,,,,,,,,,,
0,0,0,0,,,,,,,,,,,,,,,,,,,,
0,0,0,0,,,,,,,,,,,,,,,,,,,,
0,0,0,0,,,,,,,,,,,,,,,,,,,,
0,0,0,0,,,,,,,,,,,,,,,,,,,,
0,0,0,0,,,,,,,,,,,,,,,,,,,,
0,0,0,0,,,,,,,,,,,,,,,,,,,,
0,0,0,0,,,,,,,,,,,,,,,,,,,,
0,0,0,0,,,,,,,,,,,,,,,,,,,,
0,0,0,0,,,,,,,,,,,,,,,,,,,,
0,0,0,0,,,,,,,,,,,,,,,,,,,,
0,0,0,0,,,,,,,,,,,,,,,,,,,,
0,0,0,0,,,,,,,,,,,,,,,,,,,,
0,0,0,0,,,,,,,,,,,,,,,,,,,,
0,0,0,0,,,,,,,,,,,,,,,,,,,,
0,0,0,0,,,,,,,,,,,,,,,,,,,,
0,0,0,0,,,,,,,,,,,,,,,,,,,,
0,0,0,0,,,,,,,,,,,,,,,,,,,,
0,0,0,0,,,,,,,,,,,,,,,,,,,,
0,0,0,0,,,,,,,,,,,,,,,,,,,,
0,0,0,0,,,,,,,,,,,,,,,,,,,,
0,0,0,0,,,,,,,,,,,,,,,,,,,,
0,0,0,0,,,,,,,,,,,,,,,,,,,,
0,0,0,0,,,,,,,,,,,,,,,,,,,,
0,0,0,0,,,,,,,,,,,,,,,,,,,,
0,0,0,0,,,,,,,,,,,,,,,,,,,,
0,0,0,0,,,,,,,,,,,,,,,,,,,,
0,0,0,0,,,,,,,,,,,,,,,,,,,,
0,0,0,0,,,,,,,,,,,,,,,,,,,,
0,0,0,0,,,,,,,,,,,,,,,,,,,,
0,0,0,0,,,,,,,,,,,,,,,,,,,,
0,0,0,0,,,,,,,,,,,,,,,,,,,,
0,0,0,0,,,,,,,,,,,,,,,,,,,,
0,0,0,0,,,,,,,,,,,,,,,,,,,,
0,0,0,0,,,,,,,,,,,,,,,,,,,,
0,0,0,0,,,,,,,,,,,,,,,,,,,,
0,0,0,0,,,,,,,,,,,,,,,,,,,,
0,0,0,0,,,,,,,,,,,,,,,,,,,,
0,0,0,0,,,,,,,,,,,,,,,,,,,,
0,0,0,0,,,,,,,,,,,,,,,,,,,,
0,0,0,0,,,,,,,,,,,,,,,,,,,,
0,0,0,0,,,,,,,,,,,,,,,,,,,,
0,0,0,0,,,,,,,,,,,,,,,,,,,,
0,0,0,0,,,,,,,,,,,,,,,,,,,,
0,0,0,0,,,,,,,,,,,,,,,,,,,,
0,0,0,0,,,,,,,,,,,,,,,,,,,,
0,0,0,0,,,,,,,,,,,,,,,,,,,,
0,0,0,0,,,,,,,,,,,,,,,,,,,,
0,0,0,0,,,,,,,,,,,,,,,,,,,,
0,0,0,0,,,,,,,,,,,,,,,,,,,,
0,0,0,0,,,,,,,,,,,,,,,,,,,,
0,0,0,0,,,,,,,,,,,,,,,,,,,,
0,0,0,0,,,,,,,,,,,,,,,,,,,,
0,0,0,0,,,,,,,,,,,,,,,,,,,,
0,0,0,0,,,,,,,,,,,,,,,,,,,,
0,0,0,0,,,,,,,,,,,,,,,,,,,,
0,0,0,0,,,,,,,,,,,,,,,,,,,,
0,0,0,0,,,,,,,,,,,,,,,,,,,,
0,0,0,0,,,,,,,,,,,,,,,,,,,,
0,0,0,0,,,,,,,,,,,,,,,,,,,,
0,0,0,0,,,,,,,,,,,,,,,,,,,,
0,0,0,0,,,,,,,,,,,,,,,,,,,,
0,0,0,0,,,,,,,,,,,,,,,,,,,,
0,0,0,0,,,,,,,,,,,,,,,,,,,,
0,0,0,0,,,,,,,,,,,,,,,,,,,,
0,0,0,0,,,,,,,,,,,,,,,,,,,,
0,0,0,0,,,,,,,,,,,,,,,,,,,,
0,0,0,0,,,,,,,,,,,,,,,,,,,,
0,0,0,0,,,,,,,,,,,,,,,,,,,,
0,0,0,0,,,,,,,,,,,,,,,,,,,,
0,0,0,0,,,,,,,,,,,,,,,,,,,,
0,0,0,0,,,,,,,,,,,,,,,,,,,,
0,0,0,0,,,,,,,,,,,,,,,,,,,,
0,0,0,0,,,,,,,,,,,,,,,,,,,,
0,0,0,0,,,,,,,,,,,,,,,,,,,,
0,0,0,0,,,,,,,,,,,,,,,,,,,,
0,0,0,0,,,,,,,,,,,,,,,,,,,,
0,0,0,0,,,,,,,,,,,,,,,,,,,,
0,0,0,0,,,,,,,,,,,,,,,,,,,,
0,0,0,0,,,,,,,,,,,,,,,,,,,,
0,0,0,0,,,,,,,,,,,,,,,,,,,,
0,0,0,0,,,,,,,,,,,,,,,,,,,,
0,0,0,0,,,,,,,,,,,,,,,,,,,,
0,0,0,0,,,,,,,,,,,,,,,,,,,,
0,0,0,0,,,,,,,,,,,,,,,,,,,,
0,0,0,0,,,,,,,,,,,,,,,,,,,,
0,0,0,0,,,,,,,,,,,,,,,,,,,,
0,0,0,0,,,,,,,,,,,,,,,,,,,,
0,0,0,0,,,,,,,,,,,,,,,,,,,,
0,0,0,0,,,,,,,,,,,,,,,,,,,,
0,0,0,0,,,,,,,,,,,,,,,,,,,,
0,0,0,0,,,,,,,,,,,,,,,,,,,,
0,0,0,0,,,,,,,,,,,,,,,,,,,,
0,0,0,0,,,,,,,,,,,,,,,,,,,,
0,0,0,0,,,,,,,,,,,,,,,,,,,,
0,0,0,0,,,,,,,,,,,,,,,,,,,,
0,0,0,0,,,,,,,,,,,,,,,,,,,,
0,0,0,0,,,,,,,,,,,,,,,,,,,,
0,0,0,0,,,,,,,,,,,,,,,,,,,,
0,0,0,0,,,,,,,,,,,,,,,,,,,,
0,0,0,0,,,,,,,,,,,,,,,,,,,,
0,0,0,0,,,,,,,,,,,,,,,,,,,,
0,0,0,0,,,,,,,,,,,,,,,,,,,,
0,0,0,0,,,,,,,,,,,,,,,,,,,,
0,0,0,0,,,,,,,,,,,,,,,,,,,,
0,0,0,0,,,,,,,,,,,,,,,,,,,,
0,0,0,0,,,,,,,,,,,,,,,,,,,,
0,0,0,0,,,,,,,,,,,,,,,,,,,,
0,0,0,0,,,,,,,,,,,,,,,,,,,,
0,0,0,0,,,,,,,,,,,,,,,,,,,,
0,0,0,0,,,,,,,,,,,,,,,,,,,,
0,0,0,0,,,,,,,,,,,,,,,,,,,,
0,0,0,0,,,,,,,,,,,,,,,,,,,,
0,0,0,0,,,,,,,,,,,,,,,,,,,,
0,0,0,0,,,,,,,,,,,,,,,,,,,,
0,0,0,0,,,,,,,,,,,,,,,,,,,,
0,0,0,0,,,,,,,,,,,,,,,,,,,,
0,0,0,0,,,,,,,,,,,,,,,,,,,,
0,0,0,0,,,,,,,,,,,,,,,,,,,,
0,0,0,0,,,,,,,,,,,,,,,,,,,,
0,0,0,0,,,,,,,,,,,,,,,,,,,,
0,0,0,0,,,,,,,,,,,,,,,,,,,,
0,0,0,0,,,,,,,,,,,,,,,,,,,,
0,0,0,0,,,,,,,,,,,,,,,,,,,,
0,0,0,0,,,,,,,,,,,,,,,,,,,,
0,0,0,0,,,,,,,,,,,,,,,,,,,,
0,0,0,0,,,,,,,,,,,,,,,,,,,,
0,0,0,0,,,,,,,,,,,,,,,,,,,,
0,0,0,0,,,,,,,,,,,,,,,,,,,,
0,0,0,0,,,,,,,,,,,,,,,,,,,,
0,0,0,0,,,,,,,,,,,,,,,,,,,,
0,0,0,0,,,,,,,,,,,,,,,,,,,,
0,0,0,0,,,,,,,,,,,,,,,,,,,,
0,0,0,0,,,,,,,,,,,,,,,,,,,,
0,0,0,0,,,,,,,,,,,,,,,,,,,,
0,0,0,0,,,,,,,,,,,,,,,,,,,,
0,0,0,0,,,,,,,,,,,,,,,,,,,,
0,0,0,0,,,,,,,,,,,,,,,,,,,,
0,0,0,0,,,,,,,,,,,,,,,,,,,,
0,0,0,0,,,,,,,,,,,,,,,,,,,,
0,0,0,0,,,,,,,,,,,,,,,,,,,,
0,0,0,0,,,,,,,,,,,,,,,,,,,,
0,0,0,0,,,,,,,,,,,,,,,,,,,,
0,0,0,0,,,,,,,,,,,,,,,,,,,,
0,0,0,0,,,,,,,,,,,,,,,,,,,,
0,0,0,0,,,,,,,,,,,,,,,,,,,,
0,0,0,0,,,,,,,,,,,,,,,,,,,,
0,0,0,0,,,,,,,,,,,,,,,,,,,,
0,0,0,0,,,,,,,,,,,,,,,,,,,,
0,0,0,0,,,,,,,,,,,,,,,,,,,,
0,0,0,0,,,,,,,,,,,,,,,,,,,,
0,0,0,0,,,,,,,,,,,,,,,,,,,,
0,0,0,0,,,,,,,,,,,,,,,,,,,,
0,0,0,0,,,,,,,,,,,,,,,,,,,,
0,0,0,0,,,,,,,,,,,,,,,,,,,,
0,0,0,0,,,,,,,,,,,,,,,,,,,,
0,0,0,0,,,,,,,,,,,,,,,,,,,,
0,0,0,0,,,,,,,,,,,,,,,,,,,,
0,0,0,0,,,,,,,,,,,,,,,,,,,,
0,0,0,0,,,,,,,,,,,,,,,,,,,,
0,0,0,0,,,,,,,,,,,,,,,,,,,,
0,0,0,0,,,,,,,,,,,,,,,,,,,,
0,0,0,0,,,,,,,,,,,,,,,,,,,,
0,0,0,0,,,,,,,,,,,,,,,,,,,,
0,0,0,0,,,,,,,,,,,,,,,,,,,,
0,0,0,0,,,,,,,,,,,,,,,,,,,,
0,0,0,0,,,,,,,,,,,,,,,,,,,,
0,0,0,0,,,,,,,,,,,,,,,,,,,,
0,0,0,0,,,,,,,,,,,,,,,,,,,,
0,0,0,0,,,,,,,,,,,,,,,,,,,,
0,0,0,0,,,,,,,,,,,,,,,,,,,,
0,0,0,0,,,,,,,,,,,,,,,,,,,,
0,0,0,0,,,,,,,,,,,,,,,,,,,,
0,0,0,0,,,,,,,,,,,,,,,,,,,,
0,0,0,0,,,,,,,,,,,,,,,,,,,,
0,0,0,0,,,,,,,,,,,,,,,,,,,,
0,0,0,0,,,,,,,,,,,,,,,,,,,,
0,0,0,0,,,,,,,,,,,,,,,,,,,,
0,0,0,0,,,,,,,,,,,,,,,,,,,,
0,0,0,0,,,,,,,,,,,,,,,,,,,,
0,0,0,0,,,,,,,,,,,,,,,,,,,,
0,0,0,0,,,,,,,,,,,,,,,,,,,,
0,0,0,0,,,,,,,,,,,,,,,,,,,,
0,0,0,0,,,,,,,,,,,,,,,,,,,,
0,0,0,0,,,,,,,,,,,,,,,,,,,,
0,0,0,0,,,,,,,,,,,,,,,,,,,,
0,0,0,0,,,,,,,,,,,,,,,,,,,,
0,0,0,0,,,,,,,,,,,,,,,,,,,,
0,0,0,0,,,,,,,,,,,,,,,,,,,,
0,0,0,0,,,,,,,,,,,,,,,,,,,,
0,0,0,0,,,,,,,,,,,,,,,,,,,,
0,0,0,0,,,,,,,,,,,,,,,,,,,,
0,0,0,0,,,,,,,,,,,,,,,,,,,,
0,0,0,0,,,,,,,,,,,,,,,,,,,,
0,0,0,0,,,,,,,,,,,,,,,,,,,,
0,0,0,0,,,,,,,,,,,,,,,,,,,,
0,0,0,0,,,,,,,,,,,,,,,,,,,,
0,0,0,0,,,,,,,,,,,,,,,,,,,,
0,0,0,0,,,,,,,,,,,,,,,,,,,,
0,0,0,0,,,,,,,,,,,,,,,,,,,,
0,0,0,0,,,,,,,,,,,,,,,,,,,,
0,0,0,0,,,,,,,,,,,,,,,,,,,,
0,0,0,0,,,,,,,,,,,,,,,,,,,,
0,0,0,0,,,,,,,,,,,,,,,,,,,,
0,0,0,0,,,,,,,,,,,,,,,,,,,,
0,0,0,0,,,,,,,,,,,,,,,,,,,,
0,0,0,0,,,,,,,,,,,,,,,,,,,,
0,0,0,0,,,,,,,,,,,,,,,,,,,,
0,0,0,0,,,,,,,,,,,,,,,,,,,,
0,0,0,0,,,,,,,,,,,,,,,,,,,,
0,0,0,0,,,,,,,,,,,,,,,,,,,,
0,0,0,0,,,,,,,,,,,,,,,,,,,,
0,0,0,0,,,,,,,,,,,,,,,,,,,,
0,0,0,0,,,,,,,,,,,,,,,,,,,,
0,0,0,0,,,,,,,,,,,,,,,,,,,,
0,0,0,0,,,,,,,,,,,,,,,,,,,,
0,0,0,0,,,,,,,,,,,,,,,,,,,,
0,0,0,0,,,,,,,,,,,,,,,,,,,,
0,0,0,0,,,,,,,,,,,,,,,,,,,,
0,0,0,0,,,,,,,,,,,,,,,,,,,,
0,0,0,0,,,,,,,,,,,,,,,,,,,,
0,0,0,0,,,,,,,,,,,,,,,,,,,,
0,0,0,0,,,,,,,,,,,,,,,,,,,,
0,0,0,0,,,,,,,,,,,,,,,,,,,,
0,0,0,0,,,,,,,,,,,,,,,,,,,,
0,0,0,0,,,,,,,,,,,,,,,,,,,,
0,0,0,0,,,,,,,,,,,,,,,,,,,,
0,0,0,0,,,,,,,,,,,,,,,,,,,,
0,0,0,0,,,,,,,,,,,,,,,,,,,,
0,0,0,0,,,,,,,,,,,,,,,,,,,,
0,0,0,0,,,,,,,,,,,,,,,,,,,,
0,0,0,0,,,,,,,,,,,,,,,,,,,,
0,0,0,0,,,,,,,,,,,,,,,,,,,,
0,0,0,0,,,,,,,,,,,,,,,,,,,,
0,0,0,0,,,,,,,,,,,,,,,,,,,,
0,0,0,0,,,,,,,,,,,,,,,,,,,,
0,0,0,0,,,,,,,,,,,,,,,,,,,,
0,0,0,0,,,,,,,,,,,,,,,,,,,,
0,0,0,0,,,,,,,,,,,,,,,,,,,,
0,0,0,0,,,,,,,,,,,,,,,,,,,,
0,0,0,0,,,,,,,,,,,,,,,,,,,,
0,0,0,0,,,,,,,,,,,,,,,,,,,,
0,0,0,0,,,,,,,,,,,,,,,,,,,,
0,0,0,0,,,,,,,,,,,,,,,,,,,,
0,0,0,0,,,,,,,,,,,,,,,,,,,,
0,0,0,0,,,,,,,,,,,,,,,,,,,,
0,0,0,0,,,,,,,,,,,,,,,,,,,,
0,0,0,0,,,,,,,,,,,,,,,,,,,,
0,0,0,0,,,,,,,,,,,,,,,,,,,,
0,0,0,0,,,,,,,,,,,,,,,,,,,,
0,0,0,0,,,,,,,,,,,,,,,,,,,,
0,0,0,0,,,,,,,,,,,,,,,,,,,,
0,0,0,0,,,,,,,,,,,,,,,,,,,,
0,0,0,0,,,,,,,,,,,,,,,,,,,,
0,0,0,0,,,,,,,,,,,,,,,,,,,,
0,0,0,0,,,,,,,,,,,,,,,,,,,,
0,0,0,0,,,,,,,,,,,,,,,,,,,,
0,0,0,0,,,,,,,,,,,,,,,,,,,,
0,0,0,0,,,,,,,,,,,,,,,,,,,,
0,0,0,0,,,,,,,,,,,,,,,,,,,,
0,0,0,0,,,,,,,,,,,,,,,,,,,,
0,0,0,0,,,,,,,,,,,,,,,,,,,,
0,0,0,0,,,,,,,,,,,,,,,,,,,,
0,0,0,0,,,,,,,,,,,,,,,,,,,,
0,0,0,0,,,,,,,,,,,,,,,,,,,,
0,0,0,0,,,,,,,,,,,,,,,,,,,,
0,0,0,0,,,,,,,,,,,,,,,,,,,,
0,0,0,0,,,,,,,,,,,,,,,,,,,,
0,0,0,0,,,,,,,,,,,,,,,,,,,,
0,0,0,0,,,,,,,,,,,,,,,,,,,,
0,0,0,0,,,,,,,,,,,,,,,,,,,,
0,0,0,0,,,,,,,,,,,,,,,,,,,,
0,0,0,0,,,,,,,,,,,,,,,,,,,,
0,0,0,0,,,,,,,,,,,,,,,,,,,,
0,0,0,0,,,,,,,,,,,,,,,,,,,,
0,0,0,0,,,,,,,,,,,,,,,,,,,,
0,0,0,0,,,,,,,,,,,,,,,,,,,,
0,0,0,0,,,,,,,,,,,,,,,,,,,,
0,0,0,0,,,,,,,,,,,,,,,,,,,,
0,0,0,0,,,,,,,,,,,,,,,,,,,,
0,0,0,0,,,,,,,,,,,,,,,,,,,,
0,0,0,0,,,,,,,,,,,,,,,,,,,,
0,0,0,0,,,,,,,,,,,,,,,,,,,,
0,0,0,0,,,,,,,,,,,,,,,,,,,,
0,0,0,0,,,,,,,,,,,,,,,,,,,,
0,0,0,0,,,,,,,,,,,,,,,,,,,,
0,0,0,0,,,,,,,,,,,,,,,,,,,,
0,0,0,0,,,,,,,,,,,,,,,,,,,,
0,0,0,0,,,,,,,,,,,,,,,,,,,,
0,0,0,0,,,,,,,,,,,,,,,,,,,,
0,0,0,0,,,,,,,,,,,,,,,,,,,,
0,0,0,0,,,,,,,,,,,,,,,,,,,,
0,0,0,0,,,,,,,,,,,,,,,,,,,,
0,0,0,0,,,,,,,,,,,,,,,,,,,,
0,0,0,0,,,,,,,,,,,,,,,,,,,,
0,0,0,0,,,,,,,,,,,,,,,,,,,,
0,0,0,0,,,,,,,,,,,,,,,,,,,,
0,0,0,0,,,,,,,,,,,,,,,,,,,,
0,0,0,0,,,,,,,,,,,,,,,,,,,,
0,0,0,0,,,,,,,,,,,,,,,,,,,,
0,0,0,0,,,,,,,,,,,,,,,,,,,,
0,0,0,0,,,,,,,,,,,,,,,,,,,,
0,0,0,0,,,,,,,,,,,,,,,,,,,,
0,0,0,0,,,,,,,,,,,,,,,,,,,,
0,0,0,0,,,,,,,,,,,,,,,,,,,,
0,0,0,0,,,,,,,,,,,,,,,,,,,,
0,0,0,0,,,,,,,,,,,,,,,,,,,,
0,0,0,0,,,,,,,,,,,,,,,,,,,,
0,0,0,0,,,,,,,,,,,,,,,,,,,,
0,0,0,0,,,,,,,,,,,,,,,,,,,,
0,0,0,0,,,,,,,,,,,,,,,,,,,,
0,0,0,0,,,,,,,,,,,,,,,,,,,,
0,0,0,0,,,,,,,,,,,,,,,,,,,,
0,0,0,0,,,,,,,,,,,,,,,,,,,,
0,0,0,0,,,,,,,,,,,,,,,,,,,,
0,0,0,0,,,,,,,,,,,,,,,,,,,,
0,0,0,0,,,,,,,,,,,,,,,,,,,,
0,0,0,0,,,,,,,,,,,,,,,,,,,,
0,0,0,0,,,,,,,,,,,,,,,,,,,,
0,0,0,0,,,,,,,,,,,,,,,,,,,,
0,0,0,0,,,,,,,,,,,,,,,,,,,,
0,0,0,0,,,,,,,,,,,,,,,,,,,,
0,0,0,0,,,,,,,,,,,,,,,,,,,,
0,0,0,0,,,,,,,,,,,,,,,,,,,,
0,0,0,0,,,,,,,,,,,,,,,,,,,,
0,0,0,0,,,,,,,,,,,,,,,,,,,,
0,0,0,0,,,,,,,,,,,,,,,,,,,,
0,0,0,0,,,,,,,,,,,,,,,,,,,,
0,0,0,0,,,,,,,,,,,,,,,,,,,,
0,0,0,0,,,,,,,,,,,,,,,,,,,,